"Created","Commission","Status","Client Name","Client Email","Product","Referral Source"
"2026-09-13 17:21:03","7.9","A","Teagan Merrick","teagan.merrick@example.com","Pseudo VIP Starter Rate","Marlowe Ashcroft"
"2026-09-13 15:51:56","8.49","A","Finley Northcott","finley.northcott@example.com","Pseudo Collagen Powder","Marlowe Ashcroft"
"2026-09-13 14:22:00","39.5","A","Emerson Winslow","emerson.winslow@example.net","Pseudo VIP Monthly","Marlowe Ashcroft"
"2026-09-13 13:04:47","10.62","A","Silas Granger","silas.granger@example.com","Pseudo Hydration Mix","Marlowe Ashcroft"
"2026-09-13 08:43:21","29.5","A","Palmer Brennan","palmer.brennan@example.org","Pseudo VIP Mensual - (renovación)","Rory Delacroix"
"2026-09-13 07:51:12","14.87","A","Teagan Underwood","teagan.underwood@example.net","Pseudo Protein Blend","Marlowe Ashcroft"
"2026-09-13 05:07:20","19.5","A","Rowan Prescott","rowan.prescott@example.org","Pseudo VIP Scholarship","Marlowe Ashcroft"
"2026-09-13 04:18:12","19.5","A","Sabine Blackwood","sabine.blackwood@example.net","Pseudo VIP Scholarship","Marlowe Ashcroft"
"2026-09-13 03:56:50","7.9","A","Rory Granger","rory.granger@example.com","Pseudo VIP Starter Rate","Marlowe Ashcroft"
"2026-09-13 03:19:54","29.5","A","Nolan Northcott","nolan.northcott@example.com","Pseudo VIP Mensual (renovación)","Marlowe Ashcroft"
"2026-09-13 00:19:55","7.9","A","Miles Calloway","miles.calloway@example.com","Pseudo VIP Starter Rate","Marlowe Ashcroft"
"2026-09-12 22:53:07","19.5","A","Priya Dunmore","priya.dunmore@example.net","Pseudo VIP Scholarship","Marlowe Ashcroft"
"2026-09-12 20:40:35","39.5","A","Wesley Quillon","wesley.quillon@example.com","Pseudo VIP Monthly","Iris Pemberton"
"2026-09-12 18:23:29","7.9","A","Willa Quillon","willa.quillon@example.net","Pseudo VIP Starter Rate","Marlowe Ashcroft"
"2026-09-12 17:03:24","19.5","A","Clover Winslow","clover.winslow@example.org","Pseudo VIP Scholarship","Marlowe Ashcroft"
"2026-09-12 16:45:08","29.5","A","Owen Hollister","owen.hollister@example.com","Pseudo VIP Mensual - (renovación)","Teagan Vandermeer"
"2026-09-12 16:05:52","29.5","A","Odette Whitfield","odette.whitfield@example.org","Pseudo VIP Mensual - (renovación)","Marlowe Ashcroft"
"2026-09-12 07:39:18","24.5","A","Blair Calloway","blair.calloway@example.org","Pseudo VIP Discounted","Marlowe Ashcroft"
"2026-09-12 00:20:40","4.95","A","Sabine Ellsworth","sabine.ellsworth@example.com","Pseudo Coach VIP","Silas Oakley"
"2026-09-11 21:34:29","7.9","A","Maren Ravenscroft","maren.ravenscroft@example.org","Pseudo VIP Starter Rate","Marlowe Ashcroft"
"2026-09-11 19:12:07","29.5","A","Rory Fairbanks","rory.fairbanks@example.com","Pseudo VIP Mensual (renovación)","Marlowe Ashcroft"
"2026-09-11 16:33:22","29.5","A","Mabel Wycliffe","mabel.wycliffe@example.net","Pseudo VIP Mensual (renovación)","Marlowe Ashcroft"
"2026-09-11 13:27:15","7.9","A","Blair Delacroix","blair.delacroix@example.net","Pseudo VIP Starter Rate","Marlowe Ashcroft"
"2026-09-11 12:05:16","29.5","A","Sawyer Cartwright","sawyer.cartwright@example.com","Pseudo VIP Mensual - (renovación)","Marlowe Ashcroft"
"2026-09-11 11:31:33","7.9","A","Landon Hollister","landon.hollister@example.com","Pseudo VIP Starter Rate","Juniper Larkspur"
"2026-09-11 10:03:41","4.95","A","Sutton Prescott","sutton.prescott@example.org","Pseudo Coach VIP","Teagan Vandermeer"
"2026-09-11 09:14:52","7.9","A","Camden Radcliffe","camden.radcliffe@example.com","Pseudo VIP Starter Rate","Marlowe Ashcroft"
"2026-09-11 08:53:30","29.5","A","Hollis Brennan","hollis.brennan@example.com","Pseudo VIP Mensual (renovación)","Marlowe Ashcroft"
"2026-09-11 08:00:23","29.5","A","Jonah Wycliffe","jonah.wycliffe@example.com","Pseudo VIP Mensual - (renovación)","Marlowe Ashcroft"
"2026-09-11 06:40:44","19.5","A","Hayes Granger","hayes.granger@example.org","Pseudo VIP Scholarship","Marlowe Ashcroft"
"2026-09-11 04:56:43","24.5","A","Wren Lockhart","wren.lockhart@example.com","Pseudo VIP Discounted","Marlowe Ashcroft"
"2026-09-11 04:39:49","7.9","A","Rory Sterling","rory.sterling@example.com","Pseudo VIP Starter Rate","Juniper Larkspur"
"2026-09-11 03:03:52","39.5","A","Linnea Merrick","linnea.merrick@example.net","Pseudo VIP Monthly","Juniper Larkspur"
"2026-09-10 19:26:43","29.5","A","Clover Lockhart","clover.lockhart@example.org","Pseudo VIP Mensual (renovación)","Marlowe Ashcroft"
"2026-09-10 15:22:53","7.9","A","Vaughn Oakley","vaughn.oakley@example.net","Pseudo VIP Starter Rate","Marlowe Ashcroft"
"2026-09-10 14:01:27","7.9","A","Zane Yarrow","zane.yarrow@example.com","Pseudo VIP Starter Rate","Marlowe Ashcroft"
"2026-09-10 08:06:11","10.62","A","Declan Montrose","declan.montrose@example.com","Pseudo Hydration Mix","Silas Oakley"
"2026-09-10 06:46:32","29.5","A","Finley Sterling","finley.sterling@example.org","Pseudo VIP Mensual (renovación)","Marlowe Ashcroft"
"2026-09-10 04:42:54","29.5","A","Reese Trenholm","reese.trenholm@example.com","Pseudo VIP Mensual (renovación)","Teagan Vandermeer"
"2026-09-10 01:02:06","39.5","A","Camden Wycliffe","camden.wycliffe@example.net","Pseudo VIP Monthly","Marlowe Ashcroft"
"2026-09-09 21:11:26","29.5","A","Rory Hollister","rory.hollister@example.net","Pseudo VIP Mensual (renovación)","Juniper Larkspur"
"2026-09-09 20:15:20","8.49","A","Elliot Calloway","elliot.calloway@example.net","Pseudo Collagen Powder","Marlowe Ashcroft"
"2026-09-09 17:31:50","19.5","A","Emerson Cartwright","emerson.cartwright@example.org","Pseudo VIP Scholarship","Marlowe Ashcroft"
"2026-09-09 17:02:52","4.95","A","Landon Ashcroft","landon.ashcroft@example.net","Pseudo Coach VIP","Iris Pemberton"
"2026-09-09 09:45:03","8.49","A","Brooks Trenholm","brooks.trenholm@example.com","Pseudo Collagen Powder","Marlowe Ashcroft"
"2026-09-09 08:02:17","4.95","A","Grayson Fitzgerald","grayson.fitzgerald@example.com","Pseudo Coach VIP","Hollis Trenholm"
"2026-09-09 07:51:10","4.95","A","Vaughn Blackwood","vaughn.blackwood@example.org","Pseudo Coach VIP","Marlowe Ashcroft"
"2026-09-09 02:25:19","7.9","A","Avery Brennan","avery.brennan@example.net","Pseudo VIP Starter Rate","Marlowe Ashcroft"
"2026-09-09 02:20:17","24.5","A","Keaton Thackeray","keaton.thackeray@example.com","Pseudo VIP Discounted","Hollis Trenholm"
"2026-09-09 02:04:39","7.9","A","Keaton Merrick","keaton.merrick@example.org","Pseudo VIP Starter Rate","Marlowe Ashcroft"
"2026-09-09 01:04:23","29.5","A","Iris Lockhart","iris.lockhart@example.net","Pseudo VIP Mensual - (renovación)","Marlowe Ashcroft"
"2026-09-08 22:40:40","24.5","A","Mabel Fairbanks","mabel.fairbanks@example.org","Pseudo VIP Discounted","Marlowe Ashcroft"
"2026-09-08 20:49:28","24.5","A","Teagan Dunmore","teagan.dunmore@example.org","Pseudo VIP Discounted","Juniper Larkspur"
"2026-09-08 13:48:57","19.5","A","Keaton Whitfield","keaton.whitfield@example.com","Pseudo VIP Scholarship","Marlowe Ashcroft"
"2026-09-08 12:30:16","4.95","A","Willa Pemberton","willa.pemberton@example.net","Pseudo Coach VIP","Marlowe Ashcroft"
"2026-09-08 11:06:00","24.5","A","Landon Sinclair","landon.sinclair@example.com","Pseudo VIP Discounted","Marlowe Ashcroft"
"2026-09-08 08:09:33","24.5","A","Mabel Trenholm","mabel.trenholm@example.net","Pseudo VIP Discounted","Marlowe Ashcroft"
"2026-09-08 07:31:28","24.5","A","Brooks Prescott","brooks.prescott@example.com","Pseudo VIP Discounted","Marlowe Ashcroft"
"2026-09-08 07:10:56","24.5","A","Palmer Ainsworth","palmer.ainsworth@example.com","Pseudo VIP Discounted","Marlowe Ashcroft"
"2026-09-08 06:46:09","8.75","A","Wesley Dunmore","wesley.dunmore@example.net","Pseudo Creatine Scoop","Teagan Vandermeer"
"2026-09-08 06:13:06","10.62","A","Juniper Prescott","juniper.prescott@example.net","Pseudo Hydration Mix","Marlowe Ashcroft"
"2026-09-08 04:46:25","7.9","A","Harper Northcott","harper.northcott@example.org","Pseudo VIP Starter Rate","Marlowe Ashcroft"
"2026-09-08 02:09:02","29.5","A","Finley Hollister","finley.hollister@example.org","Pseudo VIP Mensual - (renovación)","Teagan Vandermeer"
"2026-09-07 17:36:53","7.9","A","Verity Sterling","verity.sterling@example.net","Pseudo VIP Starter Rate","Marlowe Ashcroft"
"2026-09-07 14:50:06","29.5","A","Beatrix Northcott","beatrix.northcott@example.net","Pseudo VIP Mensual (renovación)","Marlowe Ashcroft"
"2026-09-07 14:40:48","29.5","A","Wesley Fitzgerald","wesley.fitzgerald@example.com","Pseudo VIP Mensual - (renovación)","Juniper Larkspur"
"2026-09-07 13:21:03","29.5","A","Iris Lockhart","iris.lockhart@example.com","Pseudo VIP Mensual (renovación)","Juniper Larkspur"
"2026-09-07 11:25:53","7.9","A","Sutton Kingsley","sutton.kingsley@example.com","Pseudo VIP Starter Rate","Marlowe Ashcroft"
"2026-09-07 10:16:58","29.5","A","Clover Dunmore","clover.dunmore@example.com","Pseudo VIP Mensual - (renovación)","Marlowe Ashcroft"
"2026-09-07 08:13:01","7.9","A","Juniper Northcott","juniper.northcott@example.net","Pseudo VIP Starter Rate","Marlowe Ashcroft"
"2026-09-07 02:07:40","4.95","A","Sloane Sinclair","sloane.sinclair@example.org","Pseudo Coach VIP","Marlowe Ashcroft"
"2026-09-07 00:54:16","7.9","A","Clover Vandermeer","clover.vandermeer@example.org","Pseudo VIP Starter Rate","Marlowe Ashcroft"
"2026-09-06 22:24:53","19.5","A","Wesley Fitzgerald","wesley.fitzgerald@example.org","Pseudo VIP Scholarship","Marlowe Ashcroft"
"2026-09-06 20:29:04","24.5","A","Parker Trenholm","parker.trenholm@example.com","Pseudo VIP Discounted","Marlowe Ashcroft"
"2026-09-06 20:13:51","29.5","A","Verity Quillon","verity.quillon@example.com","Pseudo VIP Mensual - (renovación)","Marlowe Ashcroft"
"2026-09-06 17:38:12","39.5","A","Sabine Lockhart","sabine.lockhart@example.net","Pseudo VIP Monthly","Marlowe Ashcroft"
"2026-09-06 06:39:33","7.9","A","Hollis Ellsworth","hollis.ellsworth@example.org","Pseudo VIP Starter Rate","Marlowe Ashcroft"
"2026-09-06 06:39:05","24.5","A","Declan Ravenscroft","declan.ravenscroft@example.net","Pseudo VIP Discounted","Juniper Larkspur"
"2026-09-06 04:06:31","39.5","A","Teagan Calloway","teagan.calloway@example.net","Pseudo VIP Monthly","Marlowe Ashcroft"
"2026-09-05 21:01:20","29.5","A","Jonah Yarrow","jonah.yarrow@example.org","Pseudo VIP Mensual (renovación)","Marlowe Ashcroft"
"2026-09-05 14:32:47","24.5","A","Declan Dunmore","declan.dunmore@example.net","Pseudo VIP Discounted","Marlowe Ashcroft"
"2026-09-05 07:58:44","29.5","A","Tatum Kingsley","tatum.kingsley@example.org","Pseudo VIP Mensual - (renovación)","Marlowe Ashcroft"
"2026-09-05 06:12:03","8.75","A","Iris Lockhart","iris.lockhart@example.org","Pseudo Creatine Scoop","Marlowe Ashcroft"
"2026-09-05 05:03:55","14.87","A","Emerson Fitzgerald","emerson.fitzgerald@example.net","Pseudo Protein Blend","Iris Pemberton"
"2026-09-05 04:36:47","8.49","A","Sabine Wycliffe","sabine.wycliffe@example.com","Pseudo Collagen Powder","Marlowe Ashcroft"
"2026-09-05 03:20:29","29.5","A","Sawyer Merrick","sawyer.merrick@example.org","Pseudo VIP Mensual (renovación)","Nova Brennan"
"2026-09-05 02:51:45","10.62","A","Esme Kingsley","esme.kingsley@example.net","Pseudo Hydration Mix","Teagan Vandermeer"
"2026-09-04 20:53:54","10.62","A","Hollis Whitfield","hollis.whitfield@example.org","Pseudo Hydration Mix","Silas Oakley"
"2026-09-04 20:00:00","20","A","Thea Calloway","thea.calloway@example.net","Pseudo 14-Day Reset","Marlowe Ashcroft"
"2026-09-04 19:02:46","14.87","A","Vaughn Jessup","vaughn.jessup@example.com","Pseudo Protein Blend","Silas Oakley"
"2026-09-04 12:52:23","29.5","A","Mabel Ashcroft","mabel.ashcroft@example.com","Pseudo VIP Mensual (renovación)","Marlowe Ashcroft"
"2026-09-04 12:08:48","8.75","A","Keaton Whitfield","keaton.whitfield@example.net","Pseudo Creatine Scoop","Marlowe Ashcroft"
"2026-09-04 08:40:25","4.95","A","Jonah Fairbanks","jonah.fairbanks@example.org","Pseudo Coach VIP","Marlowe Ashcroft"
"2026-09-04 06:54:20","39.5","A","Harper Larkspur","harper.larkspur@example.org","Pseudo VIP Monthly","Rory Delacroix"
"2026-09-04 04:15:49","29.5","A","Sloane Kingsley","sloane.kingsley@example.org","Pseudo VIP Mensual - (renovación)","Teagan Vandermeer"
"2026-09-04 03:22:37","39.5","A","Nova Hollister","nova.hollister@example.com","Pseudo VIP Monthly","Marlowe Ashcroft"
"2026-09-03 22:20:25","29.5","A","Blair Quillon","blair.quillon@example.com","Pseudo VIP Mensual - (renovación)","Marlowe Ashcroft"
"2026-09-03 18:49:43","7.9","A","Wren Ellsworth","wren.ellsworth@example.net","Pseudo VIP Starter Rate","Marlowe Ashcroft"
"2026-09-03 08:51:00","19.5","A","Sawyer Radcliffe","sawyer.radcliffe@example.net","Pseudo VIP Scholarship","Nova Brennan"
"2026-09-03 08:47:17","39.5","A","Freya Whitfield","freya.whitfield@example.com","Pseudo VIP Monthly","Nova Brennan"
"2026-09-03 08:16:30","39.5","A","Mabel Radcliffe","mabel.radcliffe@example.org","Pseudo VIP Monthly","Marlowe Ashcroft"
"2026-09-03 03:31:10","19.5","A","Iris Quillon","iris.quillon@example.com","Pseudo VIP Scholarship","Teagan Vandermeer"
"2026-09-03 03:23:18","29.5","A","Freya Radcliffe","freya.radcliffe@example.com","Pseudo VIP Mensual - (renovación)","Marlowe Ashcroft"
"2026-09-02 22:59:58","4.95","A","Finley Oakley","finley.oakley@example.com","Pseudo Coach VIP","Marlowe Ashcroft"
"2026-09-02 15:20:30","4.95","A","Rory Northcott","rory.northcott@example.net","Pseudo Coach VIP","Marlowe Ashcroft"
"2026-09-02 14:47:27","24.5","A","Vaughn Ainsworth","vaughn.ainsworth@example.net","Pseudo VIP Discounted","Juniper Larkspur"
"2026-09-02 12:23:23","29.5","A","Mabel Hollister","mabel.hollister@example.org","Pseudo VIP Mensual (renovación)","Marlowe Ashcroft"
"2026-09-02 09:36:54","-39.5","A","Teagan Pemberton","teagan.pemberton@example.net","Pseudo VIP Monthly","Marlowe Ashcroft"
"2026-09-02 09:19:17","7.9","A","Iris Pemberton","iris.pemberton@example.org","Pseudo VIP Starter Rate","Rory Delacroix"
"2026-09-02 04:31:51","-29.5","A","Rowan Calloway","rowan.calloway@example.com","Pseudo VIP Mensual (renovación)","Marlowe Ashcroft"
"2026-09-02 00:00:00","87","A","Quinn Cartwright","quinn.cartwright@example.org","Pseudo Starter Program","Marlowe Ashcroft"
"2026-09-01 22:01:51","7.9","A","Wren Sinclair","wren.sinclair@example.net","Pseudo VIP Starter Rate","Juniper Larkspur"
"2026-09-01 18:54:42","39.5","A","Esme Fitzgerald","esme.fitzgerald@example.org","Pseudo VIP Monthly","Marlowe Ashcroft"
"2026-09-01 18:50:50","24.5","A","Grayson Oakley","grayson.oakley@example.com","Pseudo VIP Discounted","Marlowe Ashcroft"
"2026-09-01 18:24:12","39.5","A","Wren Kingsley","wren.kingsley@example.com","Pseudo VIP Monthly","Marlowe Ashcroft"
"2026-09-01 16:00:00","20","A","Nova Whitfield","nova.whitfield@example.org","Pseudo 14-Day Reset","Marlowe Ashcroft"
"2026-09-01 14:55:04","29.5","A","Quinn Kingsley","quinn.kingsley@example.net","Pseudo VIP Mensual (renovación)","Marlowe Ashcroft"
"2026-09-01 13:21:57","24.5","A","Everly Calloway","everly.calloway@example.org","Pseudo VIP Discounted","Silas Oakley"
"2026-09-01 08:22:40","29.5","A","Verity Quillon","verity.quillon@example.org","Pseudo VIP Mensual - (renovación)","Silas Oakley"
"2026-09-01 00:13:32","29.5","A","Iris Whitfield","iris.whitfield@example.net","Pseudo VIP Mensual (renovación)","Rory Delacroix"
"2026-08-31 10:59:07","-29.5","A","Beatrix Radcliffe","beatrix.radcliffe@example.org","Pseudo VIP Mensual (renovación)","Marlowe Ashcroft"
"2026-08-31 09:42:47","-29.5","A","Marlowe Whitfield","marlowe.whitfield@example.org","Pseudo VIP Mensual - (renovación)","Juniper Larkspur"
"2026-08-30 08:25:55","-4.95","A","Reese Merrick","reese.merrick@example.net","Pseudo Coach VIP","Marlowe Ashcroft"
"2026-08-29 19:18:00","10.62","A","Sutton Fairbanks","sutton.fairbanks@example.com","Pseudo Hydration Mix","Marlowe Ashcroft"
"2026-08-27 15:10:19","-29.5","A","Willa Granger","willa.granger@example.net","Pseudo VIP Mensual - (renovación)","Rory Delacroix"
"2026-08-26 13:11:00","10.62","A","Sabine Harrington","sabine.harrington@example.org","Pseudo Hydration Mix","Silas Oakley"
"2026-08-25 12:18:00","14.87","A","Hollis Whitfield","hollis.whitfield@example.org","Pseudo Protein Blend","Silas Oakley"
"2026-08-25 00:56:22","-19.5","A","Everly Pemberton","everly.pemberton@example.com","Pseudo VIP Scholarship","Marlowe Ashcroft"
"2026-08-23 17:43:00","8.75","A","Declan Ravenscroft","declan.ravenscroft@example.com","Pseudo Creatine Scoop","Marlowe Ashcroft"
"2026-08-22 22:58:00","10.62","A","Reese Winslow","reese.winslow@example.com","Pseudo Hydration Mix","Marlowe Ashcroft"
"2026-08-22 13:43:14","-29.5","A","Maren Thackeray","maren.thackeray@example.com","Pseudo VIP Mensual - (renovación)","Teagan Vandermeer"
"2026-08-22 13:00:00","87","A","Thea Prescott","thea.prescott@example.com","Pseudo Starter Program","Marlowe Ashcroft"
"2026-08-22 07:00:00","87","A","Landon Trenholm","landon.trenholm@example.org","Pseudo Starter Program","Juniper Larkspur"
"2026-08-21 19:33:12","-24.5","A","Tatum Quillon","tatum.quillon@example.org","Pseudo VIP Discounted","Marlowe Ashcroft"
"2026-08-20 23:06:00","8.75","A","Odette Merrick","odette.merrick@example.net","Pseudo Creatine Scoop","Marlowe Ashcroft"
"2026-08-20 19:58:30","-24.5","A","Blair Ainsworth","blair.ainsworth@example.org","Pseudo VIP Discounted","Marlowe Ashcroft"
"2026-08-20 18:49:41","-7.9","A","Rory Underwood","rory.underwood@example.com","Pseudo VIP Starter Rate","Marlowe Ashcroft"
"2026-08-20 05:20:59","-24.5","A","Beatrix Merrick","beatrix.merrick@example.net","Pseudo VIP Discounted","Marlowe Ashcroft"
"2026-08-17 09:36:54","39.5","A","Teagan Pemberton","teagan.pemberton@example.net","Pseudo VIP Monthly","Marlowe Ashcroft"
"2026-08-17 03:15:29","24.49","A","Maren Jessup","maren.jessup@example.net","Pseudo VIP Monthly","Marlowe Ashcroft"
"2026-08-16 15:52:33","-4.95","A","Juniper Radcliffe","juniper.radcliffe@example.net","Pseudo Coach VIP","Rory Delacroix"
"2026-08-16 14:52:29","22.12","A","Thea Ravenscroft","thea.ravenscroft@example.com","Pseudo VIP Mensual - (renovación)","Marlowe Ashcroft"
"2026-08-16 12:27:00","22.12","A","Iris Kingsley","iris.kingsley@example.com","Pseudo VIP Mensual (renovación)","Marlowe Ashcroft"
"2026-08-16 11:48:40","-29.5","A","Emerson Hollister","emerson.hollister@example.org","Pseudo VIP Mensual (renovación)","Marlowe Ashcroft"
"2026-08-16 04:31:51","29.5","A","Rowan Calloway","rowan.calloway@example.com","Pseudo VIP Mensual (renovación)","Marlowe Ashcroft"
"2026-08-16 00:20:15","24.49","A","Hollis Blackwood","hollis.blackwood@example.org","Pseudo VIP Monthly","Marlowe Ashcroft"
"2026-08-15 20:33:53","4.95","A","Palmer Prescott","palmer.prescott@example.org","Pseudo Coach VIP","Marlowe Ashcroft"
"2026-08-15 15:10:19","29.5","A","Willa Granger","willa.granger@example.net","Pseudo VIP Mensual - (renovación)","Rory Delacroix"
"2026-08-15 13:11:40","19.5","A","Clover Granger","clover.granger@example.org","Pseudo VIP Scholarship","Juniper Larkspur"
"2026-08-15 09:03:58","18.29","A","Zane Ravenscroft","zane.ravenscroft@example.com","Pseudo VIP Mensual - (renovación)","Teagan Vandermeer"
"2026-08-15 04:36:36","19.5","A","Camden Trenholm","camden.trenholm@example.com","Pseudo VIP Scholarship","Marlowe Ashcroft"
"2026-08-15 04:36:21","19.5","A","Declan Kingsley","declan.kingsley@example.org","Pseudo VIP Scholarship","Marlowe Ashcroft"
"2026-08-15 04:22:36","29.62","A","Hayes Delacroix","hayes.delacroix@example.org","Pseudo VIP Monthly","Marlowe Ashcroft"
"2026-08-15 03:12:12","0","A","Sutton Oakley","sutton.oakley@example.org","Pseudo VIP Scholarship","Marlowe Ashcroft"
"2026-08-14 23:02:58","0","A","Tatum Sinclair","tatum.sinclair@example.com","Pseudo Coach VIP","Juniper Larkspur"
"2026-08-14 22:51:51","18.38","A","Reese Quillon","reese.quillon@example.com","Pseudo VIP Discounted","Juniper Larkspur"
"2026-08-14 18:54:35","39.5","A","Miles Thackeray","miles.thackeray@example.com","Pseudo VIP (last billing)","Teagan Vandermeer"
"2026-08-14 18:49:41","7.9","A","Rory Underwood","rory.underwood@example.com","Pseudo VIP Starter Rate","Marlowe Ashcroft"
"2026-08-14 18:02:05","24.5","A","Anouk Brennan","anouk.brennan@example.org","Pseudo VIP Discounted","Marlowe Ashcroft"
"2026-08-14 15:13:05","-29.5","A","Priya Lockhart","priya.lockhart@example.com","Pseudo VIP Mensual (renovación)","Marlowe Ashcroft"
"2026-08-14 10:44:18","39.5","A","Mabel Dunmore","mabel.dunmore@example.net","Pseudo VIP Monthly","Rory Delacroix"
"2026-08-14 09:50:36","29.62","A","Beatrix Radcliffe","beatrix.radcliffe@example.com","Pseudo VIP Monthly","Rory Delacroix"
"2026-08-14 08:25:55","4.95","A","Reese Merrick","reese.merrick@example.net","Pseudo Coach VIP","Marlowe Ashcroft"
"2026-08-14 04:47:36","7.9","A","Sutton Calloway","sutton.calloway@example.net","Pseudo VIP Starter Rate","Marlowe Ashcroft"
"2026-08-14 02:00:49","22.12","A","Reese Hollister","reese.hollister@example.org","Pseudo VIP Mensual - (renovación)","Juniper Larkspur"
"2026-08-14 00:56:22","19.5","A","Everly Pemberton","everly.pemberton@example.com","Pseudo VIP Scholarship","Marlowe Ashcroft"
"2026-08-13 22:28:51","39.5","A","Mabel Yarrow","mabel.yarrow@example.org","Pseudo VIP Monthly","Marlowe Ashcroft"
"2026-08-13 21:48:34","4.95","A","Anouk Granger","anouk.granger@example.com","Pseudo Coach VIP","Marlowe Ashcroft"
"2026-08-13 18:10:03","7.9","A","Teagan Merrick","teagan.merrick@example.com","Pseudo VIP Starter Rate","Marlowe Ashcroft"
"2026-08-13 15:24:00","39.5","A","Emerson Winslow","emerson.winslow@example.net","Pseudo VIP Monthly","Marlowe Ashcroft"
"2026-08-13 13:17:25","18.29","A","Sawyer Ingram","sawyer.ingram@example.org","Pseudo VIP Mensual - (renovación)","Marlowe Ashcroft"
"2026-08-13 11:50:05","-4.95","A","Sabine Quillon","sabine.quillon@example.org","Pseudo Coach VIP","Marlowe Ashcroft"
"2026-08-13 11:37:24","4.95","A","Willa Ravenscroft","willa.ravenscroft@example.org","Pseudo Coach VIP","Marlowe Ashcroft"
"2026-08-13 10:59:07","29.5","A","Beatrix Radcliffe","beatrix.radcliffe@example.org","Pseudo VIP Mensual (renovación)","Marlowe Ashcroft"
"2026-08-13 08:12:21","29.5","A","Palmer Brennan","palmer.brennan@example.org","Pseudo VIP Mensual - (renovación)","Rory Delacroix"
"2026-08-13 04:05:23","-29.5","A","Nolan Ingram","nolan.ingram@example.org","Pseudo VIP Mensual - (renovación)","Nova Brennan"
"2026-08-13 03:50:20","19.5","A","Rowan Prescott","rowan.prescott@example.org","Pseudo VIP Scholarship","Marlowe Ashcroft"
"2026-08-13 03:32:12","19.5","A","Sabine Blackwood","sabine.blackwood@example.net","Pseudo VIP Scholarship","Marlowe Ashcroft"
"2026-08-13 03:27:59","0","A","Freya Kingsley","freya.kingsley@example.net","Pseudo VIP Monthly","Marlowe Ashcroft"
"2026-08-13 02:50:50","7.9","A","Rory Granger","rory.granger@example.com","Pseudo VIP Starter Rate","Marlowe Ashcroft"
"2026-08-13 02:05:54","29.5","A","Nolan Northcott","nolan.northcott@example.com","Pseudo VIP Mensual (renovación)","Marlowe Ashcroft"
"2026-08-13 01:25:55","7.9","A","Miles Calloway","miles.calloway@example.com","Pseudo VIP Starter Rate","Marlowe Ashcroft"
"2026-08-12 23:36:07","19.5","A","Priya Dunmore","priya.dunmore@example.net","Pseudo VIP Scholarship","Marlowe Ashcroft"
"2026-08-12 19:14:35","39.5","A","Wesley Quillon","wesley.quillon@example.com","Pseudo VIP Monthly","Iris Pemberton"
"2026-08-12 18:56:29","7.9","A","Willa Quillon","willa.quillon@example.net","Pseudo VIP Starter Rate","Marlowe Ashcroft"
"2026-08-12 17:25:13","0","A","Odette Montrose","odette.montrose@example.net","Pseudo VIP Scholarship","Marlowe Ashcroft"
"2026-08-12 17:15:08","29.5","A","Owen Hollister","owen.hollister@example.com","Pseudo VIP Mensual - (renovación)","Teagan Vandermeer"
"2026-08-12 16:40:24","19.5","A","Clover Winslow","clover.winslow@example.org","Pseudo VIP Scholarship","Marlowe Ashcroft"
"2026-08-12 16:11:52","29.5","A","Odette Whitfield","odette.whitfield@example.org","Pseudo VIP Mensual - (renovación)","Marlowe Ashcroft"
"2026-08-12 12:14:13","-4.95","A","Elliot Quillon","elliot.quillon@example.net","Pseudo Coach VIP","Iris Pemberton"
"2026-08-12 10:43:06","39.5","A","Marlowe Lockhart","marlowe.lockhart@example.net","Pseudo VIP (last billing)","Marlowe Ashcroft"
"2026-08-12 08:03:18","24.5","A","Blair Calloway","blair.calloway@example.org","Pseudo VIP Discounted","Marlowe Ashcroft"
"2026-08-12 05:37:49","0","A","Iris Harrington","iris.harrington@example.com","Pseudo VIP Starter Rate","Rory Delacroix"
"2026-08-12 00:32:40","4.95","A","Sabine Ellsworth","sabine.ellsworth@example.com","Pseudo Coach VIP","Silas Oakley"
"2026-08-11 21:57:29","7.9","A","Maren Ravenscroft","maren.ravenscroft@example.org","Pseudo VIP Starter Rate","Marlowe Ashcroft"
"2026-08-11 20:24:58","4.95","A","Hayes Delacroix","hayes.delacroix@example.com","Pseudo Coach VIP","Marlowe Ashcroft"
"2026-08-11 20:04:07","29.5","A","Rory Fairbanks","rory.fairbanks@example.com","Pseudo VIP Mensual (renovación)","Marlowe Ashcroft"
"2026-08-11 17:48:50","0","A","Beatrix Cartwright","beatrix.cartwright@example.com","Pseudo VIP Mensual (renovación)","Marlowe Ashcroft"
"2026-08-11 17:41:22","29.5","A","Mabel Wycliffe","mabel.wycliffe@example.net","Pseudo VIP Mensual (renovación)","Marlowe Ashcroft"
"2026-08-11 16:24:10","-4.95","A","Clover Wycliffe","clover.wycliffe@example.com","Pseudo Coach VIP","Nova Brennan"
"2026-08-11 15:26:05","7.9","A","Parker Ainsworth","parker.ainsworth@example.net","Pseudo VIP Starter Rate","Marlowe Ashcroft"
"2026-08-11 13:11:16","29.5","A","Sawyer Cartwright","sawyer.cartwright@example.com","Pseudo VIP Mensual - (renovación)","Marlowe Ashcroft"
"2026-08-11 12:30:15","7.9","A","Blair Delacroix","blair.delacroix@example.net","Pseudo VIP Starter Rate","Marlowe Ashcroft"
"2026-08-11 11:08:41","4.95","A","Sutton Prescott","sutton.prescott@example.org","Pseudo Coach VIP","Teagan Vandermeer"
"2026-08-11 10:35:33","7.9","A","Landon Hollister","landon.hollister@example.com","Pseudo VIP Starter Rate","Juniper Larkspur"
"2026-08-11 10:24:00","8.75","A","Esme Kingsley","esme.kingsley@example.net","Pseudo Creatine Scoop","Teagan Vandermeer"
"2026-08-11 09:42:47","29.5","A","Marlowe Whitfield","marlowe.whitfield@example.org","Pseudo VIP Mensual - (renovación)","Juniper Larkspur"
"2026-08-11 09:35:32","0","A","Mabel Larkspur","mabel.larkspur@example.org","Pseudo VIP Monthly","Juniper Larkspur"
"2026-08-11 09:25:30","29.5","A","Hollis Brennan","hollis.brennan@example.com","Pseudo VIP Mensual (renovación)","Marlowe Ashcroft"
"2026-08-11 09:22:13","39.5","A","Tatum Radcliffe","tatum.radcliffe@example.org","Pseudo VIP Monthly","Nova Brennan"
"2026-08-11 08:41:23","29.5","A","Jonah Wycliffe","jonah.wycliffe@example.com","Pseudo VIP Mensual - (renovación)","Marlowe Ashcroft"
"2026-08-11 08:38:52","7.9","A","Camden Radcliffe","camden.radcliffe@example.com","Pseudo VIP Starter Rate","Marlowe Ashcroft"
"2026-08-11 06:55:44","19.5","A","Hayes Granger","hayes.granger@example.org","Pseudo VIP Scholarship","Marlowe Ashcroft"
"2026-08-11 05:56:43","24.5","A","Wren Lockhart","wren.lockhart@example.com","Pseudo VIP Discounted","Marlowe Ashcroft"
"2026-08-11 05:05:49","7.9","A","Rory Sterling","rory.sterling@example.com","Pseudo VIP Starter Rate","Juniper Larkspur"
"2026-08-11 04:20:12","-29.5","A","Anouk Yarrow","anouk.yarrow@example.net","Pseudo VIP Mensual (renovación)","Marlowe Ashcroft"
"2026-08-11 02:32:52","39.5","A","Linnea Merrick","linnea.merrick@example.net","Pseudo VIP Monthly","Juniper Larkspur"
"2026-08-11 00:26:28","39.5","A","Hayes Yarrow","hayes.yarrow@example.net","Pseudo VIP Monthly","Marlowe Ashcroft"
"2026-08-10 23:51:25","0","A","Delaney Quillon","delaney.quillon@example.com","Pseudo VIP Discounted","Marlowe Ashcroft"
"2026-08-10 20:24:43","29.5","A","Clover Lockhart","clover.lockhart@example.org","Pseudo VIP Mensual (renovación)","Marlowe Ashcroft"
"2026-08-10 14:45:53","7.9","A","Vaughn Oakley","vaughn.oakley@example.net","Pseudo VIP Starter Rate","Marlowe Ashcroft"
"2026-08-10 12:47:27","7.9","A","Zane Yarrow","zane.yarrow@example.com","Pseudo VIP Starter Rate","Marlowe Ashcroft"
"2026-08-10 07:57:32","29.5","A","Finley Sterling","finley.sterling@example.org","Pseudo VIP Mensual (renovación)","Marlowe Ashcroft"
"2026-08-10 05:15:49","4.95","A","Odette Calloway","odette.calloway@example.net","Pseudo Coach VIP","Marlowe Ashcroft"
"2026-08-10 03:25:54","29.5","A","Reese Trenholm","reese.trenholm@example.com","Pseudo VIP Mensual (renovación)","Teagan Vandermeer"
"2026-08-10 00:28:06","39.5","A","Camden Wycliffe","camden.wycliffe@example.net","Pseudo VIP Monthly","Marlowe Ashcroft"
"2026-08-09 19:50:26","29.5","A","Rory Hollister","rory.hollister@example.net","Pseudo VIP Mensual (renovación)","Juniper Larkspur"
"2026-08-09 18:20:52","4.95","A","Landon Ashcroft","landon.ashcroft@example.net","Pseudo Coach VIP","Iris Pemberton"
"2026-08-09 16:40:50","19.5","A","Emerson Cartwright","emerson.cartwright@example.org","Pseudo VIP Scholarship","Marlowe Ashcroft"
"2026-08-09 13:43:14","29.5","A","Maren Thackeray","maren.thackeray@example.com","Pseudo VIP Mensual - (renovación)","Teagan Vandermeer"
"2026-08-09 12:15:40","39.5","A","Clover Ellsworth","clover.ellsworth@example.net","Pseudo VIP Monthly","Marlowe Ashcroft"
"2026-08-09 08:35:10","4.95","A","Vaughn Blackwood","vaughn.blackwood@example.org","Pseudo Coach VIP","Marlowe Ashcroft"
"2026-08-09 06:33:17","4.95","A","Grayson Fitzgerald","grayson.fitzgerald@example.com","Pseudo Coach VIP","Hollis Trenholm"
"2026-08-09 05:45:40","0","A","Grayson Harrington","grayson.harrington@example.com","Pseudo VIP Scholarship","Marlowe Ashcroft"
"2026-08-09 03:25:19","7.9","A","Avery Brennan","avery.brennan@example.net","Pseudo VIP Starter Rate","Marlowe Ashcroft"
"2026-08-09 02:52:17","24.5","A","Keaton Thackeray","keaton.thackeray@example.com","Pseudo VIP Discounted","Hollis Trenholm"
"2026-08-09 02:14:23","29.5","A","Iris Lockhart","iris.lockhart@example.net","Pseudo VIP Mensual - (renovación)","Marlowe Ashcroft"
"2026-08-09 00:51:12","0","A","Keaton Winslow","keaton.winslow@example.net","Pseudo VIP Discounted","Marlowe Ashcroft"
"2026-08-09 00:45:40","0","A","Freya Ashcroft","freya.ashcroft@example.org","Pseudo VIP Monthly","Teagan Vandermeer"
"2026-08-09 00:42:39","7.9","A","Keaton Merrick","keaton.merrick@example.org","Pseudo VIP Starter Rate","Marlowe Ashcroft"
"2026-08-08 22:49:06","29.5","A","Priya Whitfield","priya.whitfield@example.com","Pseudo VIP Mensual (renovación)","Marlowe Ashcroft"
"2026-08-08 22:31:40","24.5","A","Mabel Fairbanks","mabel.fairbanks@example.org","Pseudo VIP Discounted","Marlowe Ashcroft"
"2026-08-08 22:04:28","24.5","A","Teagan Dunmore","teagan.dunmore@example.org","Pseudo VIP Discounted","Juniper Larkspur"
"2026-08-08 18:08:59","24.5","A","Anouk Pemberton","anouk.pemberton@example.org","Pseudo VIP Discounted","Teagan Vandermeer"
"2026-08-08 17:28:47","29.62","A","Sloane Ashcroft","sloane.ashcroft@example.com","Pseudo VIP Monthly","Juniper Larkspur"
"2026-08-08 13:42:57","19.5","A","Keaton Whitfield","keaton.whitfield@example.com","Pseudo VIP Scholarship","Marlowe Ashcroft"
"2026-08-08 12:27:16","4.95","A","Willa Pemberton","willa.pemberton@example.net","Pseudo Coach VIP","Marlowe Ashcroft"
"2026-08-08 11:34:21","39.5","A","Sabine Fitzgerald","sabine.fitzgerald@example.net","Pseudo VIP (last billing)","Marlowe Ashcroft"
"2026-08-08 11:09:00","24.5","A","Landon Sinclair","landon.sinclair@example.com","Pseudo VIP Discounted","Marlowe Ashcroft"
"2026-08-08 11:06:29","0","A","Anouk Ainsworth","anouk.ainsworth@example.com","Pseudo VIP Mensual (renovación)","Marlowe Ashcroft"
"2026-08-08 09:43:42","-39.5","A","Clover Ravenscroft","clover.ravenscroft@example.net","Pseudo VIP Monthly","Marlowe Ashcroft"
"2026-08-08 08:03:33","24.5","A","Mabel Trenholm","mabel.trenholm@example.net","Pseudo VIP Discounted","Marlowe Ashcroft"
"2026-08-08 06:31:56","24.5","A","Palmer Ainsworth","palmer.ainsworth@example.com","Pseudo VIP Discounted","Marlowe Ashcroft"
"2026-08-08 06:29:28","24.5","A","Brooks Prescott","brooks.prescott@example.com","Pseudo VIP Discounted","Marlowe Ashcroft"
"2026-08-08 04:42:00","3.71","A","Marlowe Sinclair","marlowe.sinclair@example.net","Pseudo Coach VIP","Marlowe Ashcroft"
"2026-08-08 03:35:25","7.9","A","Harper Northcott","harper.northcott@example.org","Pseudo VIP Starter Rate","Marlowe Ashcroft"
"2026-08-08 02:40:02","29.5","A","Finley Hollister","finley.hollister@example.org","Pseudo VIP Mensual - (renovación)","Teagan Vandermeer"
"2026-08-08 02:34:50","-39.5","A","Jonah Fitzgerald","jonah.fitzgerald@example.net","Pseudo VIP Monthly","Marlowe Ashcroft"
"2026-08-07 22:01:25","24.5","A","Sawyer Sinclair","sawyer.sinclair@example.com","Pseudo VIP Discounted","Marlowe Ashcroft"
"2026-08-07 16:52:53","7.9","A","Verity Sterling","verity.sterling@example.net","Pseudo VIP Starter Rate","Marlowe Ashcroft"
"2026-08-07 15:53:48","29.5","A","Wesley Fitzgerald","wesley.fitzgerald@example.com","Pseudo VIP Mensual - (renovación)","Juniper Larkspur"
"2026-08-07 14:42:06","29.5","A","Beatrix Northcott","beatrix.northcott@example.net","Pseudo VIP Mensual (renovación)","Marlowe Ashcroft"
"2026-08-07 13:24:03","29.5","A","Iris Lockhart","iris.lockhart@example.com","Pseudo VIP Mensual (renovación)","Juniper Larkspur"
"2026-08-07 10:07:53","7.9","A","Sutton Kingsley","sutton.kingsley@example.com","Pseudo VIP Starter Rate","Marlowe Ashcroft"
"2026-08-07 09:05:58","29.5","A","Clover Dunmore","clover.dunmore@example.com","Pseudo VIP Mensual - (renovación)","Marlowe Ashcroft"
"2026-08-07 09:01:01","7.9","A","Juniper Northcott","juniper.northcott@example.net","Pseudo VIP Starter Rate","Marlowe Ashcroft"
"2026-08-07 06:02:07","4.95","A","Anouk Ravenscroft","anouk.ravenscroft@example.com","Pseudo Coach VIP","Marlowe Ashcroft"
"2026-08-07 02:54:40","4.95","A","Sloane Sinclair","sloane.sinclair@example.org","Pseudo Coach VIP","Marlowe Ashcroft"
"2026-08-07 00:11:16","7.9","A","Clover Vandermeer","clover.vandermeer@example.org","Pseudo VIP Starter Rate","Marlowe Ashcroft"
"2026-08-06 22:55:37","39.5","A","Iris Trenholm","iris.trenholm@example.org","Pseudo VIP (last billing)","Marlowe Ashcroft"
"2026-08-06 21:49:00","8.49","A","Juniper Prescott","juniper.prescott@example.net","Pseudo Collagen Powder","Marlowe Ashcroft"
"2026-08-06 21:44:53","19.5","A","Wesley Fitzgerald","wesley.fitzgerald@example.org","Pseudo VIP Scholarship","Marlowe Ashcroft"
"2026-08-06 21:30:51","29.5","A","Verity Quillon","verity.quillon@example.com","Pseudo VIP Mensual - (renovación)","Marlowe Ashcroft"
"2026-08-06 20:58:14","0","A","Mabel Jessup","mabel.jessup@example.com","Pseudo VIP Scholarship","Marlowe Ashcroft"
"2026-08-06 20:12:04","24.5","A","Parker Trenholm","parker.trenholm@example.com","Pseudo VIP Discounted","Marlowe Ashcroft"
"2026-08-06 19:58:30","24.5","A","Blair Ainsworth","blair.ainsworth@example.org","Pseudo VIP Discounted","Marlowe Ashcroft"
"2026-08-06 17:53:12","4.95","A","Tatum Quillon","tatum.quillon@example.com","Pseudo Coach VIP","Marlowe Ashcroft"
"2026-08-06 16:38:12","39.5","A","Sabine Lockhart","sabine.lockhart@example.net","Pseudo VIP Monthly","Marlowe Ashcroft"
"2026-08-06 13:24:48","15.19","A","Owen Ellsworth","owen.ellsworth@example.com","Pseudo VIP Discounted","Marlowe Ashcroft"
"2026-08-06 12:33:43","3.71","A","Anouk Kingsley","anouk.kingsley@example.net","Pseudo Coach VIP","Marlowe Ashcroft"
"2026-08-06 07:20:33","7.9","A","Hollis Ellsworth","hollis.ellsworth@example.org","Pseudo VIP Starter Rate","Marlowe Ashcroft"
"2026-08-06 06:14:05","24.5","A","Declan Ravenscroft","declan.ravenscroft@example.net","Pseudo VIP Discounted","Juniper Larkspur"
"2026-08-06 03:24:31","39.5","A","Teagan Calloway","teagan.calloway@example.net","Pseudo VIP Monthly","Marlowe Ashcroft"
"2026-08-05 21:47:20","29.5","A","Jonah Yarrow","jonah.yarrow@example.org","Pseudo VIP Mensual (renovación)","Marlowe Ashcroft"
"2026-08-05 19:33:12","24.5","A","Tatum Quillon","tatum.quillon@example.org","Pseudo VIP Discounted","Marlowe Ashcroft"
"2026-08-05 15:13:05","29.5","A","Priya Lockhart","priya.lockhart@example.com","Pseudo VIP Mensual (renovación)","Marlowe Ashcroft"
"2026-08-05 14:53:37","39.5","A","Silas Jessup","silas.jessup@example.net","Pseudo VIP Monthly","Teagan Vandermeer"
"2026-08-05 13:34:47","24.5","A","Declan Dunmore","declan.dunmore@example.net","Pseudo VIP Discounted","Marlowe Ashcroft"
"2026-08-05 12:14:13","4.95","A","Elliot Quillon","elliot.quillon@example.net","Pseudo Coach VIP","Iris Pemberton"
"2026-08-05 07:40:44","29.5","A","Tatum Kingsley","tatum.kingsley@example.org","Pseudo VIP Mensual - (renovación)","Marlowe Ashcroft"
"2026-08-05 03:41:29","29.5","A","Sawyer Merrick","sawyer.merrick@example.org","Pseudo VIP Mensual (renovación)","Nova Brennan"
"2026-08-04 12:39:42","18.29","A","Zane Vandermeer","zane.vandermeer@example.net","Pseudo VIP Mensual - (renovación)","Marlowe Ashcroft"
"2026-08-04 12:22:23","29.5","A","Mabel Ashcroft","mabel.ashcroft@example.com","Pseudo VIP Mensual (renovación)","Marlowe Ashcroft"
"2026-08-04 11:07:34","39.5","A","Nolan Calloway","nolan.calloway@example.net","Pseudo VIP (last billing)","Teagan Vandermeer"
"2026-08-04 07:55:25","4.95","A","Jonah Fairbanks","jonah.fairbanks@example.org","Pseudo Coach VIP","Marlowe Ashcroft"
"2026-08-04 07:54:20","39.5","A","Harper Larkspur","harper.larkspur@example.org","Pseudo VIP Monthly","Rory Delacroix"
"2026-08-04 05:20:59","24.5","A","Beatrix Merrick","beatrix.merrick@example.net","Pseudo VIP Discounted","Marlowe Ashcroft"
"2026-08-04 04:50:37","39.5","A","Nova Hollister","nova.hollister@example.com","Pseudo VIP Monthly","Marlowe Ashcroft"
"2026-08-04 03:37:42","22.12","A","Esme Cartwright","esme.cartwright@example.com","Pseudo VIP Mensual - (renovación)","Marlowe Ashcroft"
"2026-08-04 03:29:49","29.5","A","Sloane Kingsley","sloane.kingsley@example.org","Pseudo VIP Mensual - (renovación)","Teagan Vandermeer"
"2026-08-03 21:50:25","29.5","A","Blair Quillon","blair.quillon@example.com","Pseudo VIP Mensual - (renovación)","Marlowe Ashcroft"
"2026-08-03 19:52:43","7.9","A","Wren Ellsworth","wren.ellsworth@example.net","Pseudo VIP Starter Rate","Marlowe Ashcroft"
"2026-08-03 16:57:58","39.5","A","Willa Calloway","willa.calloway@example.com","Pseudo VIP (last billing)","Marlowe Ashcroft"
"2026-08-03 16:00:14","29.5","A","Sawyer Delacroix","sawyer.delacroix@example.com","Pseudo VIP Mensual (renovación)","Rory Delacroix"
"2026-08-03 15:22:31","0","A","Rowan Kingsley","rowan.kingsley@example.com","Pseudo VIP Discounted","Marlowe Ashcroft"
"2026-08-03 10:03:17","39.5","A","Freya Whitfield","freya.whitfield@example.com","Pseudo VIP Monthly","Nova Brennan"
"2026-08-03 09:14:00","19.5","A","Sawyer Radcliffe","sawyer.radcliffe@example.net","Pseudo VIP Scholarship","Nova Brennan"
"2026-08-03 08:28:30","39.5","A","Mabel Radcliffe","mabel.radcliffe@example.org","Pseudo VIP Monthly","Marlowe Ashcroft"
"2026-08-03 04:20:12","29.5","A","Anouk Yarrow","anouk.yarrow@example.net","Pseudo VIP Mensual (renovación)","Marlowe Ashcroft"
"2026-08-03 04:03:29","39.5","A","Emerson Sterling","emerson.sterling@example.org","Pseudo VIP Monthly","Marlowe Ashcroft"
"2026-08-03 03:30:29","12.09","A","Wren Ainsworth","wren.ainsworth@example.com","Pseudo VIP Scholarship","Teagan Vandermeer"
"2026-08-03 03:00:18","29.5","A","Freya Radcliffe","freya.radcliffe@example.com","Pseudo VIP Mensual - (renovación)","Marlowe Ashcroft"
"2026-08-03 02:22:10","19.5","A","Iris Quillon","iris.quillon@example.com","Pseudo VIP Scholarship","Teagan Vandermeer"
"2026-08-03 01:27:53","22.12","A","Odette Prescott","odette.prescott@example.net","Pseudo VIP Mensual - (renovación)","Marlowe Ashcroft"
"2026-08-02 23:30:58","4.95","A","Finley Oakley","finley.oakley@example.com","Pseudo Coach VIP","Marlowe Ashcroft"
"2026-08-02 15:49:30","4.95","A","Rory Northcott","rory.northcott@example.net","Pseudo Coach VIP","Marlowe Ashcroft"
"2026-08-02 13:57:27","24.5","A","Vaughn Ainsworth","vaughn.ainsworth@example.net","Pseudo VIP Discounted","Juniper Larkspur"
"2026-08-02 13:37:08","39.5","A","Teagan Prescott","teagan.prescott@example.org","Pseudo VIP (last billing)","Marlowe Ashcroft"
"2026-08-02 12:20:23","29.5","A","Mabel Hollister","mabel.hollister@example.org","Pseudo VIP Mensual (renovación)","Marlowe Ashcroft"
"2026-08-02 07:59:17","7.9","A","Iris Pemberton","iris.pemberton@example.org","Pseudo VIP Starter Rate","Rory Delacroix"
"2026-08-02 07:36:50","0","A","Willa Wycliffe","willa.wycliffe@example.net","Pseudo VIP Mensual - (renovación)","Marlowe Ashcroft"
"2026-08-02 06:31:34","29.5","A","Iris Underwood","iris.underwood@example.org","Pseudo VIP Mensual - (renovación)","Juniper Larkspur"
"2026-08-02 05:18:21","3.71","A","Harper Sterling","harper.sterling@example.net","Pseudo Coach VIP","Marlowe Ashcroft"
"2026-08-02 00:18:11","0","A","Zane Quillon","zane.quillon@example.net","Pseudo VIP Discounted","Teagan Vandermeer"
"2026-08-01 22:31:51","7.9","A","Wren Sinclair","wren.sinclair@example.net","Pseudo VIP Starter Rate","Juniper Larkspur"
"2026-08-01 19:22:42","39.5","A","Esme Fitzgerald","esme.fitzgerald@example.org","Pseudo VIP Monthly","Marlowe Ashcroft"
"2026-08-01 19:11:12","39.5","A","Wren Kingsley","wren.kingsley@example.com","Pseudo VIP Monthly","Marlowe Ashcroft"
"2026-08-01 18:11:50","24.5","A","Grayson Oakley","grayson.oakley@example.com","Pseudo VIP Discounted","Marlowe Ashcroft"
"2026-08-01 14:13:04","29.5","A","Quinn Kingsley","quinn.kingsley@example.net","Pseudo VIP Mensual (renovación)","Marlowe Ashcroft"
"2026-08-01 12:12:57","24.5","A","Everly Calloway","everly.calloway@example.org","Pseudo VIP Discounted","Silas Oakley"
"2026-08-01 08:30:40","29.5","A","Verity Quillon","verity.quillon@example.org","Pseudo VIP Mensual - (renovación)","Silas Oakley"
"2026-08-01 05:49:37","39.5","A","Teagan Pemberton","teagan.pemberton@example.com","Pseudo VIP (last billing)","Marlowe Ashcroft"
"2026-08-01 05:19:00","10.62","A","Quinn Underwood","quinn.underwood@example.org","Pseudo Hydration Mix","Hollis Trenholm"
"2026-08-01 01:36:32","29.5","A","Iris Whitfield","iris.whitfield@example.net","Pseudo VIP Mensual (renovación)","Rory Delacroix"
"2026-07-31 15:51:00","10.62","A","Silas Granger","silas.granger@example.com","Pseudo Hydration Mix","Marlowe Ashcroft"
"2026-07-28 21:40:56","29.5","A","Emerson Whitfield","emerson.whitfield@example.net","Pseudo VIP Mensual (renovación)","Marlowe Ashcroft"
"2026-07-28 17:10:21","4.95","A","Wren Calloway","wren.calloway@example.org","Pseudo Coach VIP","Marlowe Ashcroft"
"2026-07-28 15:52:33","4.95","A","Juniper Radcliffe","juniper.radcliffe@example.net","Pseudo Coach VIP","Rory Delacroix"
"2026-07-28 15:20:29","0","A","Odette Jessup","odette.jessup@example.net","Pseudo VIP Mensual - (renovación)","Hollis Trenholm"
"2026-07-28 14:17:15","4.95","A","Mabel Dunmore","mabel.dunmore@example.com","Pseudo Coach VIP","Marlowe Ashcroft"
"2026-07-28 11:50:05","4.95","A","Sabine Quillon","sabine.quillon@example.org","Pseudo Coach VIP","Marlowe Ashcroft"
"2026-07-28 11:48:40","29.5","A","Emerson Hollister","emerson.hollister@example.org","Pseudo VIP Mensual (renovación)","Marlowe Ashcroft"
"2026-07-28 09:43:42","39.5","A","Clover Ravenscroft","clover.ravenscroft@example.net","Pseudo VIP Monthly","Marlowe Ashcroft"
"2026-07-28 04:15:37","0","A","Quinn Ravenscroft","quinn.ravenscroft@example.org","Pseudo VIP Mensual (renovación)","Iris Pemberton"
"2026-07-28 04:06:21","39.5","A","Nova Fitzgerald","nova.fitzgerald@example.org","Pseudo VIP Monthly","Marlowe Ashcroft"
"2026-07-28 04:05:23","29.5","A","Nolan Ingram","nolan.ingram@example.org","Pseudo VIP Mensual - (renovación)","Nova Brennan"
"2026-07-28 03:59:58","4.95","A","Marlowe Yarrow","marlowe.yarrow@example.com","Pseudo Coach VIP","Nova Brennan"
"2026-07-28 02:34:50","39.5","A","Jonah Fitzgerald","jonah.fitzgerald@example.net","Pseudo VIP Monthly","Marlowe Ashcroft"
"2026-07-28 01:07:42","39.5","A","Camden Underwood","camden.underwood@example.com","Pseudo VIP Monthly","Marlowe Ashcroft"
"2026-07-28 00:07:55","22.12","A","Silas Brennan","silas.brennan@example.com","Pseudo VIP Mensual - (renovación)","Marlowe Ashcroft"
"2026-07-27 17:51:21","0","A","Sloane Dunmore","sloane.dunmore@example.com","Pseudo Coach VIP","Marlowe Ashcroft"
"2026-07-27 12:58:15","29.5","A","Nolan Larkspur","nolan.larkspur@example.com","Pseudo VIP Mensual (renovación)","Hollis Trenholm"
"2026-07-27 09:00:00","7.5","A","Priya Larkspur","priya.larkspur@example.net","Pseudo Meal Guide","Marlowe Ashcroft"
"2026-07-27 08:25:45","39.5","A","Wesley Thackeray","wesley.thackeray@example.org","Pseudo VIP (last billing)","Marlowe Ashcroft"
"2026-07-27 07:54:13","29.5","A","Jonah Radcliffe","jonah.radcliffe@example.net","Pseudo VIP Mensual - (renovación)","Marlowe Ashcroft"
"2026-07-27 06:19:32","39.5","A","Hayes Radcliffe","hayes.radcliffe@example.net","Pseudo VIP (last billing)","Silas Oakley"
"2026-07-27 03:14:07","24.49","A","Verity Prescott","verity.prescott@example.org","Pseudo VIP Monthly","Hollis Trenholm"
"2026-07-26 18:33:17","0","A","Jonah Vandermeer","jonah.vandermeer@example.net","Pseudo VIP Scholarship","Silas Oakley"
"2026-07-26 16:24:10","4.95","A","Clover Wycliffe","clover.wycliffe@example.com","Pseudo Coach VIP","Nova Brennan"
"2026-07-26 16:14:26","39.5","A","Harper Lockhart","harper.lockhart@example.net","Pseudo VIP (last billing)","Marlowe Ashcroft"
"2026-07-26 07:57:09","0","A","Juniper Wycliffe","juniper.wycliffe@example.org","Pseudo VIP Monthly","Marlowe Ashcroft"
"2026-07-26 05:59:08","12.09","A","Miles Larkspur","miles.larkspur@example.org","Pseudo VIP Scholarship","Marlowe Ashcroft"
"2026-07-25 10:25:00","0","A","Freya Brennan","freya.brennan@example.net","Pseudo VIP Discounted","Marlowe Ashcroft"
"2026-07-24 18:15:00","14.87","A","Juniper Ainsworth","juniper.ainsworth@example.com","Pseudo Protein Blend","Marlowe Ashcroft"
"2026-07-21 12:45:40","8.75","A","Clover Granger","clover.granger@example.org","Pseudo Creatine Scoop","Juniper Larkspur"
"2026-07-21 12:45:40","8.75","A","Clover Granger","clover.granger@example.org","Pseudo Creatine Scoop","Juniper Larkspur"
"2026-07-20 10:10:00","14.87","A","Declan Montrose","declan.montrose@example.com","Pseudo Protein Blend","Silas Oakley"
"2026-07-19 07:00:00","7.5","A","Nova Dunmore","nova.dunmore@example.org","Pseudo Meal Guide","Teagan Vandermeer"
"2026-07-19 00:41:28","8.75","A","Hayes Yarrow","hayes.yarrow@example.net","Pseudo Creatine Scoop","Marlowe Ashcroft"
"2026-07-19 00:41:28","8.75","A","Hayes Yarrow","hayes.yarrow@example.net","Pseudo Creatine Scoop","Marlowe Ashcroft"
"2026-07-17 19:07:05","10.62","A","Anouk Brennan","anouk.brennan@example.org","Pseudo Hydration Mix","Marlowe Ashcroft"
"2026-07-17 19:07:05","10.62","A","Anouk Brennan","anouk.brennan@example.org","Pseudo Hydration Mix","Marlowe Ashcroft"
"2026-07-17 10:26:00","8.49","A","Sabine Wycliffe","sabine.wycliffe@example.com","Pseudo Collagen Powder","Marlowe Ashcroft"
"2026-07-17 09:52:54","39.5","A","Teagan Pemberton","teagan.pemberton@example.net","Pseudo VIP Monthly","Marlowe Ashcroft"
"2026-07-17 02:28:29","24.49","A","Maren Jessup","maren.jessup@example.net","Pseudo VIP Monthly","Marlowe Ashcroft"
"2026-07-16 15:53:29","22.12","A","Thea Ravenscroft","thea.ravenscroft@example.com","Pseudo VIP Mensual - (renovación)","Marlowe Ashcroft"
"2026-07-16 13:50:00","22.12","A","Iris Kingsley","iris.kingsley@example.com","Pseudo VIP Mensual (renovación)","Marlowe Ashcroft"
"2026-07-16 03:56:51","29.5","A","Rowan Calloway","rowan.calloway@example.com","Pseudo VIP Mensual (renovación)","Marlowe Ashcroft"
"2026-07-15 22:54:15","24.49","A","Hollis Blackwood","hollis.blackwood@example.org","Pseudo VIP Monthly","Marlowe Ashcroft"
"2026-07-15 21:51:53","4.95","A","Palmer Prescott","palmer.prescott@example.org","Pseudo Coach VIP","Marlowe Ashcroft"
"2026-07-15 16:06:19","29.5","A","Willa Granger","willa.granger@example.net","Pseudo VIP Mensual - (renovación)","Rory Delacroix"
"2026-07-15 12:45:40","19.5","A","Clover Granger","clover.granger@example.org","Pseudo VIP Scholarship","Juniper Larkspur"
"2026-07-15 08:11:58","18.29","A","Zane Ravenscroft","zane.ravenscroft@example.com","Pseudo VIP Mensual - (renovación)","Teagan Vandermeer"
"2026-07-15 05:01:36","19.5","A","Camden Trenholm","camden.trenholm@example.com","Pseudo VIP Scholarship","Marlowe Ashcroft"
"2026-07-15 04:38:21","19.5","A","Declan Kingsley","declan.kingsley@example.org","Pseudo VIP Scholarship","Marlowe Ashcroft"
"2026-07-15 04:08:36","29.62","A","Hayes Delacroix","hayes.delacroix@example.org","Pseudo VIP Monthly","Marlowe Ashcroft"
"2026-07-15 04:08:12","0","A","Sutton Oakley","sutton.oakley@example.org","Pseudo VIP Scholarship","Marlowe Ashcroft"
"2026-07-14 23:00:58","0","A","Tatum Sinclair","tatum.sinclair@example.com","Pseudo Coach VIP","Juniper Larkspur"
"2026-07-14 22:24:51","18.38","A","Reese Quillon","reese.quillon@example.com","Pseudo VIP Discounted","Juniper Larkspur"
"2026-07-14 19:43:35","29.5","A","Miles Thackeray","miles.thackeray@example.com","Pseudo VIP Mensual (renovación)","Teagan Vandermeer"
"2026-07-14 19:36:41","7.9","A","Rory Underwood","rory.underwood@example.com","Pseudo VIP Starter Rate","Marlowe Ashcroft"
"2026-07-14 19:07:05","24.5","A","Anouk Brennan","anouk.brennan@example.org","Pseudo VIP Discounted","Marlowe Ashcroft"
"2026-07-14 11:48:18","39.5","A","Mabel Dunmore","mabel.dunmore@example.net","Pseudo VIP Monthly","Rory Delacroix"
"2026-07-14 09:51:36","29.62","A","Beatrix Radcliffe","beatrix.radcliffe@example.com","Pseudo VIP Monthly","Rory Delacroix"
"2026-07-14 09:06:55","4.95","A","Reese Merrick","reese.merrick@example.net","Pseudo Coach VIP","Marlowe Ashcroft"
"2026-07-14 04:50:36","7.9","A","Sutton Calloway","sutton.calloway@example.net","Pseudo VIP Starter Rate","Marlowe Ashcroft"
"2026-07-14 02:57:49","22.12","A","Reese Hollister","reese.hollister@example.org","Pseudo VIP Mensual - (renovación)","Juniper Larkspur"
"2026-07-14 02:25:22","19.5","A","Everly Pemberton","everly.pemberton@example.com","Pseudo VIP Scholarship","Marlowe Ashcroft"
"2026-07-13 23:05:51","39.5","A","Mabel Yarrow","mabel.yarrow@example.org","Pseudo VIP Monthly","Marlowe Ashcroft"
"2026-07-13 23:01:34","4.95","A","Anouk Granger","anouk.granger@example.com","Pseudo Coach VIP","Marlowe Ashcroft"
"2026-07-13 19:32:03","7.9","A","Teagan Merrick","teagan.merrick@example.com","Pseudo VIP Starter Rate","Marlowe Ashcroft"
"2026-07-13 14:58:00","39.5","A","Emerson Winslow","emerson.winslow@example.net","Pseudo VIP Monthly","Marlowe Ashcroft"
"2026-07-13 12:55:25","18.29","A","Sawyer Ingram","sawyer.ingram@example.org","Pseudo VIP Mensual - (renovación)","Marlowe Ashcroft"
"2026-07-13 10:58:24","4.95","A","Willa Ravenscroft","willa.ravenscroft@example.org","Pseudo Coach VIP","Marlowe Ashcroft"
"2026-07-13 10:48:07","29.5","A","Beatrix Radcliffe","beatrix.radcliffe@example.org","Pseudo VIP Mensual (renovación)","Marlowe Ashcroft"
"2026-07-13 09:31:21","29.5","A","Palmer Brennan","palmer.brennan@example.org","Pseudo VIP Mensual - (renovación)","Rory Delacroix"
"2026-07-13 08:16:00","8.75","A","Brooks Ashcroft","brooks.ashcroft@example.com","Pseudo Creatine Scoop","Marlowe Ashcroft"
"2026-07-13 04:18:12","19.5","A","Sabine Blackwood","sabine.blackwood@example.net","Pseudo VIP Scholarship","Marlowe Ashcroft"
"2026-07-13 02:57:59","0","A","Freya Kingsley","freya.kingsley@example.net","Pseudo VIP Monthly","Marlowe Ashcroft"
"2026-07-13 02:51:55","7.9","A","Miles Calloway","miles.calloway@example.com","Pseudo VIP Starter Rate","Marlowe Ashcroft"
"2026-07-13 02:42:50","7.9","A","Rory Granger","rory.granger@example.com","Pseudo VIP Starter Rate","Marlowe Ashcroft"
"2026-07-13 02:33:20","19.5","A","Rowan Prescott","rowan.prescott@example.org","Pseudo VIP Scholarship","Marlowe Ashcroft"
"2026-07-13 01:11:54","29.5","A","Nolan Northcott","nolan.northcott@example.com","Pseudo VIP Mensual (renovación)","Marlowe Ashcroft"
"2026-07-12 22:20:07","19.5","A","Priya Dunmore","priya.dunmore@example.net","Pseudo VIP Scholarship","Marlowe Ashcroft"
"2026-07-12 19:39:29","7.9","A","Willa Quillon","willa.quillon@example.net","Pseudo VIP Starter Rate","Marlowe Ashcroft"
"2026-07-12 19:29:35","39.5","A","Wesley Quillon","wesley.quillon@example.com","Pseudo VIP Monthly","Iris Pemberton"
"2026-07-12 17:38:08","29.5","A","Owen Hollister","owen.hollister@example.com","Pseudo VIP Mensual - (renovación)","Teagan Vandermeer"
"2026-07-12 16:48:12","8.49","A","Tatum Quillon","tatum.quillon@example.com","Pseudo Collagen Powder","Marlowe Ashcroft"
"2026-07-12 16:48:12","8.49","A","Tatum Quillon","tatum.quillon@example.com","Pseudo Collagen Powder","Marlowe Ashcroft"
"2026-07-12 16:04:52","29.5","A","Odette Whitfield","odette.whitfield@example.org","Pseudo VIP Mensual - (renovación)","Marlowe Ashcroft"
"2026-07-12 16:02:13","0","A","Odette Montrose","odette.montrose@example.net","Pseudo VIP Scholarship","Marlowe Ashcroft"
"2026-07-12 15:17:24","19.5","A","Clover Winslow","clover.winslow@example.org","Pseudo VIP Scholarship","Marlowe Ashcroft"
"2026-07-12 10:30:00","8.49","A","Reese Winslow","reese.winslow@example.com","Pseudo Collagen Powder","Marlowe Ashcroft"
"2026-07-12 10:29:06","7.9","A","Marlowe Lockhart","marlowe.lockhart@example.net","Pseudo VIP Starter Rate","Marlowe Ashcroft"
"2026-07-12 08:53:18","24.5","A","Blair Calloway","blair.calloway@example.org","Pseudo VIP Discounted","Marlowe Ashcroft"
"2026-07-12 05:13:49","0","A","Iris Harrington","iris.harrington@example.com","Pseudo VIP Starter Rate","Rory Delacroix"
"2026-07-12 03:00:00","87","A","Quinn Montrose","quinn.montrose@example.net","Pseudo Starter Program","Marlowe Ashcroft"
"2026-07-12 00:13:40","4.95","A","Sabine Ellsworth","sabine.ellsworth@example.com","Pseudo Coach VIP","Silas Oakley"
"2026-07-11 22:17:29","7.9","A","Maren Ravenscroft","maren.ravenscroft@example.org","Pseudo VIP Starter Rate","Marlowe Ashcroft"
"2026-07-11 21:21:58","4.95","A","Hayes Delacroix","hayes.delacroix@example.com","Pseudo Coach VIP","Marlowe Ashcroft"
"2026-07-11 19:27:07","29.5","A","Rory Fairbanks","rory.fairbanks@example.com","Pseudo VIP Mensual (renovación)","Marlowe Ashcroft"
"2026-07-11 18:55:50","0","A","Beatrix Cartwright","beatrix.cartwright@example.com","Pseudo VIP Mensual (renovación)","Marlowe Ashcroft"
"2026-07-11 16:54:22","29.5","A","Mabel Wycliffe","mabel.wycliffe@example.net","Pseudo VIP Mensual (renovación)","Marlowe Ashcroft"
"2026-07-11 15:07:05","7.9","A","Parker Ainsworth","parker.ainsworth@example.net","Pseudo VIP Starter Rate","Marlowe Ashcroft"
"2026-07-11 14:38:16","29.5","A","Sawyer Cartwright","sawyer.cartwright@example.com","Pseudo VIP Mensual - (renovación)","Marlowe Ashcroft"
"2026-07-11 13:12:15","7.9","A","Blair Delacroix","blair.delacroix@example.net","Pseudo VIP Starter Rate","Marlowe Ashcroft"
"2026-07-11 11:13:33","7.9","A","Landon Hollister","landon.hollister@example.com","Pseudo VIP Starter Rate","Juniper Larkspur"
"2026-07-11 10:54:00","10.62","A","Vaughn Ellsworth","vaughn.ellsworth@example.net","Pseudo Hydration Mix","Marlowe Ashcroft"
"2026-07-11 10:54:00","14.87","A","Nova Wycliffe","nova.wycliffe@example.net","Pseudo Protein Blend","Marlowe Ashcroft"
"2026-07-11 10:54:00","14.87","A","Sabine Thackeray","sabine.thackeray@example.org","Pseudo Protein Blend","Marlowe Ashcroft"
"2026-07-11 10:54:00","8.75","A","Maren Hollister","maren.hollister@example.com","Pseudo Creatine Scoop","Marlowe Ashcroft"
"2026-07-11 10:54:00","8.75","A","Emerson Ingram","emerson.ingram@example.com","Pseudo Creatine Scoop","Marlowe Ashcroft"
"2026-07-11 10:54:00","14.87","A","Grayson Ravenscroft","grayson.ravenscroft@example.com","Pseudo Protein Blend","Marlowe Ashcroft"
"2026-07-11 10:34:41","4.95","A","Sutton Prescott","sutton.prescott@example.org","Pseudo Coach VIP","Teagan Vandermeer"
"2026-07-11 10:23:47","29.5","A","Marlowe Whitfield","marlowe.whitfield@example.org","Pseudo VIP Mensual - (renovación)","Juniper Larkspur"
"2026-07-11 10:10:23","29.5","A","Jonah Wycliffe","jonah.wycliffe@example.com","Pseudo VIP Mensual - (renovación)","Marlowe Ashcroft"
"2026-07-11 10:05:32","0","A","Mabel Larkspur","mabel.larkspur@example.org","Pseudo VIP Monthly","Juniper Larkspur"
"2026-07-11 09:15:52","7.9","A","Camden Radcliffe","camden.radcliffe@example.com","Pseudo VIP Starter Rate","Marlowe Ashcroft"
"2026-07-11 08:49:30","29.5","A","Hollis Brennan","hollis.brennan@example.com","Pseudo VIP Mensual (renovación)","Marlowe Ashcroft"
"2026-07-11 07:59:13","39.5","A","Tatum Radcliffe","tatum.radcliffe@example.org","Pseudo VIP Monthly","Nova Brennan"
"2026-07-11 07:50:44","19.5","A","Hayes Granger","hayes.granger@example.org","Pseudo VIP Scholarship","Marlowe Ashcroft"
"2026-07-11 05:08:49","7.9","A","Rory Sterling","rory.sterling@example.com","Pseudo VIP Starter Rate","Juniper Larkspur"
"2026-07-11 04:41:43","24.5","A","Wren Lockhart","wren.lockhart@example.com","Pseudo VIP Discounted","Marlowe Ashcroft"
"2026-07-11 03:14:52","39.5","A","Linnea Merrick","linnea.merrick@example.net","Pseudo VIP Monthly","Juniper Larkspur"
"2026-07-11 00:41:28","39.5","A","Hayes Yarrow","hayes.yarrow@example.net","Pseudo VIP Monthly","Marlowe Ashcroft"
"2026-07-11 00:21:25","0","A","Delaney Quillon","delaney.quillon@example.com","Pseudo VIP Discounted","Marlowe Ashcroft"
"2026-07-10 19:55:43","29.5","A","Clover Lockhart","clover.lockhart@example.org","Pseudo VIP Mensual (renovación)","Marlowe Ashcroft"
"2026-07-10 15:29:53","7.9","A","Vaughn Oakley","vaughn.oakley@example.net","Pseudo VIP Starter Rate","Marlowe Ashcroft"
"2026-07-10 14:11:27","7.9","A","Zane Yarrow","zane.yarrow@example.com","Pseudo VIP Starter Rate","Marlowe Ashcroft"
"2026-07-10 07:48:32","29.5","A","Finley Sterling","finley.sterling@example.org","Pseudo VIP Mensual (renovación)","Marlowe Ashcroft"
"2026-07-10 04:48:49","4.95","A","Odette Calloway","odette.calloway@example.net","Pseudo Coach VIP","Marlowe Ashcroft"
"2026-07-10 04:42:54","29.5","A","Reese Trenholm","reese.trenholm@example.com","Pseudo VIP Mensual (renovación)","Teagan Vandermeer"
"2026-07-10 00:11:06","39.5","A","Camden Wycliffe","camden.wycliffe@example.net","Pseudo VIP Monthly","Marlowe Ashcroft"
"2026-07-09 19:36:52","4.95","A","Landon Ashcroft","landon.ashcroft@example.net","Pseudo Coach VIP","Iris Pemberton"
"2026-07-09 19:08:26","29.5","A","Rory Hollister","rory.hollister@example.net","Pseudo VIP Mensual (renovación)","Juniper Larkspur"
"2026-07-09 16:25:50","19.5","A","Emerson Cartwright","emerson.cartwright@example.org","Pseudo VIP Scholarship","Marlowe Ashcroft"
"2026-07-09 14:00:14","29.5","A","Maren Thackeray","maren.thackeray@example.com","Pseudo VIP Mensual - (renovación)","Teagan Vandermeer"
"2026-07-09 11:31:40","39.5","A","Clover Ellsworth","clover.ellsworth@example.net","Pseudo VIP Monthly","Marlowe Ashcroft"
"2026-07-09 08:45:10","4.95","A","Vaughn Blackwood","vaughn.blackwood@example.org","Pseudo Coach VIP","Marlowe Ashcroft"
"2026-07-09 05:28:17","4.95","A","Grayson Fitzgerald","grayson.fitzgerald@example.com","Pseudo Coach VIP","Hollis Trenholm"
"2026-07-09 04:47:40","0","A","Grayson Harrington","grayson.harrington@example.com","Pseudo VIP Scholarship","Marlowe Ashcroft"
"2026-07-09 04:04:17","24.5","A","Keaton Thackeray","keaton.thackeray@example.com","Pseudo VIP Discounted","Hollis Trenholm"
"2026-07-09 02:43:19","7.9","A","Avery Brennan","avery.brennan@example.net","Pseudo VIP Starter Rate","Marlowe Ashcroft"
"2026-07-09 01:53:39","7.9","A","Keaton Merrick","keaton.merrick@example.org","Pseudo VIP Starter Rate","Marlowe Ashcroft"
"2026-07-09 01:06:23","29.5","A","Iris Lockhart","iris.lockhart@example.net","Pseudo VIP Mensual - (renovación)","Marlowe Ashcroft"
"2026-07-09 00:03:12","0","A","Keaton Winslow","keaton.winslow@example.net","Pseudo VIP Discounted","Marlowe Ashcroft"
"2026-07-08 23:38:40","0","A","Freya Ashcroft","freya.ashcroft@example.org","Pseudo VIP Monthly","Teagan Vandermeer"
"2026-07-08 23:25:25","14.87","A","Sawyer Sinclair","sawyer.sinclair@example.com","Pseudo Protein Blend","Marlowe Ashcroft"
"2026-07-08 23:25:25","14.87","A","Sawyer Sinclair","sawyer.sinclair@example.com","Pseudo Protein Blend","Marlowe Ashcroft"
"2026-07-08 22:39:40","24.5","A","Mabel Fairbanks","mabel.fairbanks@example.org","Pseudo VIP Discounted","Marlowe Ashcroft"
"2026-07-08 22:36:06","29.5","A","Priya Whitfield","priya.whitfield@example.com","Pseudo VIP Mensual (renovación)","Marlowe Ashcroft"
"2026-07-08 20:44:28","24.5","A","Teagan Dunmore","teagan.dunmore@example.org","Pseudo VIP Discounted","Juniper Larkspur"
"2026-07-08 17:30:47","29.62","A","Sloane Ashcroft","sloane.ashcroft@example.com","Pseudo VIP Monthly","Juniper Larkspur"
"2026-07-08 17:10:59","24.5","A","Anouk Pemberton","anouk.pemberton@example.org","Pseudo VIP Discounted","Teagan Vandermeer"
"2026-07-08 12:23:57","19.5","A","Keaton Whitfield","keaton.whitfield@example.com","Pseudo VIP Scholarship","Marlowe Ashcroft"
"2026-07-08 12:09:21","29.5","A","Sabine Fitzgerald","sabine.fitzgerald@example.net","Pseudo VIP Mensual - (renovación)","Marlowe Ashcroft"
"2026-07-08 12:02:16","4.95","A","Willa Pemberton","willa.pemberton@example.net","Pseudo Coach VIP","Marlowe Ashcroft"
"2026-07-08 10:52:00","24.5","A","Landon Sinclair","landon.sinclair@example.com","Pseudo VIP Discounted","Marlowe Ashcroft"
"2026-07-08 09:59:29","0","A","Anouk Ainsworth","anouk.ainsworth@example.com","Pseudo VIP Mensual (renovación)","Marlowe Ashcroft"
"2026-07-08 07:52:56","24.5","A","Palmer Ainsworth","palmer.ainsworth@example.com","Pseudo VIP Discounted","Marlowe Ashcroft"
"2026-07-08 06:49:33","24.5","A","Mabel Trenholm","mabel.trenholm@example.net","Pseudo VIP Discounted","Marlowe Ashcroft"
"2026-07-08 06:37:28","24.5","A","Brooks Prescott","brooks.prescott@example.com","Pseudo VIP Discounted","Marlowe Ashcroft"
"2026-07-08 05:57:00","3.71","A","Marlowe Sinclair","marlowe.sinclair@example.net","Pseudo Coach VIP","Marlowe Ashcroft"
"2026-07-08 03:35:25","7.9","A","Harper Northcott","harper.northcott@example.org","Pseudo VIP Starter Rate","Marlowe Ashcroft"
"2026-07-08 01:42:02","29.5","A","Finley Hollister","finley.hollister@example.org","Pseudo VIP Mensual - (renovación)","Teagan Vandermeer"
"2026-07-07 23:25:25","24.5","A","Sawyer Sinclair","sawyer.sinclair@example.com","Pseudo VIP Discounted","Marlowe Ashcroft"
"2026-07-07 20:44:56","8.75","A","Emerson Whitfield","emerson.whitfield@example.net","Pseudo Creatine Scoop","Marlowe Ashcroft"
"2026-07-07 20:44:56","8.75","A","Emerson Whitfield","emerson.whitfield@example.net","Pseudo Creatine Scoop","Marlowe Ashcroft"
"2026-07-07 17:21:53","7.9","A","Verity Sterling","verity.sterling@example.net","Pseudo VIP Starter Rate","Marlowe Ashcroft"
"2026-07-07 15:46:06","29.5","A","Beatrix Northcott","beatrix.northcott@example.net","Pseudo VIP Mensual (renovación)","Marlowe Ashcroft"
"2026-07-07 14:23:48","29.5","A","Wesley Fitzgerald","wesley.fitzgerald@example.com","Pseudo VIP Mensual - (renovación)","Juniper Larkspur"
"2026-07-07 13:35:03","29.5","A","Iris Lockhart","iris.lockhart@example.com","Pseudo VIP Mensual (renovación)","Juniper Larkspur"
"2026-07-07 11:21:00","8.75","A","Delaney Sterling","delaney.sterling@example.com","Pseudo Creatine Scoop","Marlowe Ashcroft"
"2026-07-07 09:55:58","29.5","A","Clover Dunmore","clover.dunmore@example.com","Pseudo VIP Mensual - (renovación)","Marlowe Ashcroft"
"2026-07-07 09:54:01","7.9","A","Juniper Northcott","juniper.northcott@example.net","Pseudo VIP Starter Rate","Marlowe Ashcroft"
"2026-07-07 08:42:53","7.9","A","Sutton Kingsley","sutton.kingsley@example.com","Pseudo VIP Starter Rate","Marlowe Ashcroft"
"2026-07-07 06:13:07","4.95","A","Anouk Ravenscroft","anouk.ravenscroft@example.com","Pseudo Coach VIP","Marlowe Ashcroft"
"2026-07-07 03:07:40","4.95","A","Sloane Sinclair","sloane.sinclair@example.org","Pseudo Coach VIP","Marlowe Ashcroft"
"2026-07-07 00:25:37","24.5","A","Iris Trenholm","iris.trenholm@example.org","Pseudo VIP Discounted","Marlowe Ashcroft"
"2026-07-06 23:12:16","7.9","A","Clover Vandermeer","clover.vandermeer@example.org","Pseudo VIP Starter Rate","Marlowe Ashcroft"
"2026-07-06 22:38:53","19.5","A","Wesley Fitzgerald","wesley.fitzgerald@example.org","Pseudo VIP Scholarship","Marlowe Ashcroft"
"2026-07-06 22:03:51","29.5","A","Verity Quillon","verity.quillon@example.com","Pseudo VIP Mensual - (renovación)","Marlowe Ashcroft"
"2026-07-06 21:27:04","24.5","A","Parker Trenholm","parker.trenholm@example.com","Pseudo VIP Discounted","Marlowe Ashcroft"
"2026-07-06 21:08:14","0","A","Mabel Jessup","mabel.jessup@example.com","Pseudo VIP Scholarship","Marlowe Ashcroft"
"2026-07-06 20:23:30","24.5","A","Blair Ainsworth","blair.ainsworth@example.org","Pseudo VIP Discounted","Marlowe Ashcroft"
"2026-07-06 17:54:00","14.87","A","Delaney Wycliffe","delaney.wycliffe@example.com","Pseudo Protein Blend","Marlowe Ashcroft"
"2026-07-06 16:48:12","4.95","A","Tatum Quillon","tatum.quillon@example.com","Pseudo Coach VIP","Marlowe Ashcroft"
"2026-07-06 15:52:12","39.5","A","Sabine Lockhart","sabine.lockhart@example.net","Pseudo VIP Monthly","Marlowe Ashcroft"
"2026-07-06 12:35:43","3.71","A","Anouk Kingsley","anouk.kingsley@example.net","Pseudo Coach VIP","Marlowe Ashcroft"
"2026-07-06 12:15:48","15.19","A","Owen Ellsworth","owen.ellsworth@example.com","Pseudo VIP Discounted","Marlowe Ashcroft"
"2026-07-06 08:19:33","7.9","A","Hollis Ellsworth","hollis.ellsworth@example.org","Pseudo VIP Starter Rate","Marlowe Ashcroft"
"2026-07-06 05:07:05","24.5","A","Declan Ravenscroft","declan.ravenscroft@example.net","Pseudo VIP Discounted","Juniper Larkspur"
"2026-07-06 03:50:31","39.5","A","Teagan Calloway","teagan.calloway@example.net","Pseudo VIP Monthly","Marlowe Ashcroft"
"2026-07-05 20:54:12","24.5","A","Tatum Quillon","tatum.quillon@example.org","Pseudo VIP Discounted","Marlowe Ashcroft"
"2026-07-05 20:53:20","29.5","A","Jonah Yarrow","jonah.yarrow@example.org","Pseudo VIP Mensual (renovación)","Marlowe Ashcroft"
"2026-07-05 15:25:37","39.5","A","Silas Jessup","silas.jessup@example.net","Pseudo VIP Monthly","Teagan Vandermeer"
"2026-07-05 14:23:47","24.5","A","Declan Dunmore","declan.dunmore@example.net","Pseudo VIP Discounted","Marlowe Ashcroft"
"2026-07-05 13:45:05","29.5","A","Priya Lockhart","priya.lockhart@example.com","Pseudo VIP Mensual (renovación)","Marlowe Ashcroft"
"2026-07-05 12:01:13","4.95","A","Elliot Quillon","elliot.quillon@example.net","Pseudo Coach VIP","Iris Pemberton"
"2026-07-05 08:22:44","29.5","A","Tatum Kingsley","tatum.kingsley@example.org","Pseudo VIP Mensual - (renovación)","Marlowe Ashcroft"
"2026-07-05 04:29:29","29.5","A","Sawyer Merrick","sawyer.merrick@example.org","Pseudo VIP Mensual (renovación)","Nova Brennan"
"2026-07-04 13:46:42","18.29","A","Zane Vandermeer","zane.vandermeer@example.net","Pseudo VIP Mensual - (renovación)","Marlowe Ashcroft"
"2026-07-04 12:51:23","29.5","A","Mabel Ashcroft","mabel.ashcroft@example.com","Pseudo VIP Mensual (renovación)","Marlowe Ashcroft"
"2026-07-04 11:33:34","4.95","A","Nolan Calloway","nolan.calloway@example.net","Pseudo Coach VIP","Teagan Vandermeer"
"2026-07-04 08:13:20","39.5","A","Harper Larkspur","harper.larkspur@example.org","Pseudo VIP Monthly","Rory Delacroix"
"2026-07-04 08:05:25","4.95","A","Jonah Fairbanks","jonah.fairbanks@example.org","Pseudo Coach VIP","Marlowe Ashcroft"
"2026-07-04 06:17:37","39.5","A","Nova Hollister","nova.hollister@example.com","Pseudo VIP Monthly","Marlowe Ashcroft"
"2026-07-04 04:41:49","29.5","A","Sloane Kingsley","sloane.kingsley@example.org","Pseudo VIP Mensual - (renovación)","Teagan Vandermeer"
"2026-07-04 04:40:59","24.5","A","Beatrix Merrick","beatrix.merrick@example.net","Pseudo VIP Discounted","Marlowe Ashcroft"
"2026-07-04 04:21:42","22.12","A","Esme Cartwright","esme.cartwright@example.com","Pseudo VIP Mensual - (renovación)","Marlowe Ashcroft"
"2026-07-03 22:00:00","20","A","Blair Brennan","blair.brennan@example.org","Pseudo 14-Day Reset","Marlowe Ashcroft"
"2026-07-03 21:08:25","29.5","A","Blair Quillon","blair.quillon@example.com","Pseudo VIP Mensual - (renovación)","Marlowe Ashcroft"
"2026-07-03 18:42:43","7.9","A","Wren Ellsworth","wren.ellsworth@example.net","Pseudo VIP Starter Rate","Marlowe Ashcroft"
"2026-07-03 18:00:58","19.5","A","Willa Calloway","willa.calloway@example.com","Pseudo VIP Scholarship","Marlowe Ashcroft"
"2026-07-03 17:24:14","29.5","A","Sawyer Delacroix","sawyer.delacroix@example.com","Pseudo VIP Mensual (renovación)","Rory Delacroix"
"2026-07-03 16:26:31","0","A","Rowan Kingsley","rowan.kingsley@example.com","Pseudo VIP Discounted","Marlowe Ashcroft"
"2026-07-03 09:17:30","39.5","A","Mabel Radcliffe","mabel.radcliffe@example.org","Pseudo VIP Monthly","Marlowe Ashcroft"
"2026-07-03 09:14:17","39.5","A","Freya Whitfield","freya.whitfield@example.com","Pseudo VIP Monthly","Nova Brennan"
"2026-07-03 08:30:00","19.5","A","Sawyer Radcliffe","sawyer.radcliffe@example.net","Pseudo VIP Scholarship","Nova Brennan"
"2026-07-03 04:29:18","29.5","A","Freya Radcliffe","freya.radcliffe@example.com","Pseudo VIP Mensual - (renovación)","Marlowe Ashcroft"
"2026-07-03 04:25:29","12.09","A","Wren Ainsworth","wren.ainsworth@example.com","Pseudo VIP Scholarship","Teagan Vandermeer"
"2026-07-03 03:57:12","29.5","A","Anouk Yarrow","anouk.yarrow@example.net","Pseudo VIP Mensual (renovación)","Marlowe Ashcroft"
"2026-07-03 03:29:29","39.5","A","Emerson Sterling","emerson.sterling@example.org","Pseudo VIP Monthly","Marlowe Ashcroft"
"2026-07-03 02:13:10","19.5","A","Iris Quillon","iris.quillon@example.com","Pseudo VIP Scholarship","Teagan Vandermeer"
"2026-07-03 00:28:53","22.12","A","Odette Prescott","odette.prescott@example.net","Pseudo VIP Mensual - (renovación)","Marlowe Ashcroft"
"2026-07-02 23:10:58","4.95","A","Finley Oakley","finley.oakley@example.com","Pseudo Coach VIP","Marlowe Ashcroft"
"2026-07-02 17:07:30","4.95","A","Rory Northcott","rory.northcott@example.net","Pseudo Coach VIP","Marlowe Ashcroft"
"2026-07-02 14:01:27","24.5","A","Vaughn Ainsworth","vaughn.ainsworth@example.net","Pseudo VIP Discounted","Juniper Larkspur"
"2026-07-02 13:33:08","4.95","A","Teagan Prescott","teagan.prescott@example.org","Pseudo Coach VIP","Marlowe Ashcroft"
"2026-07-02 11:42:23","29.5","A","Mabel Hollister","mabel.hollister@example.org","Pseudo VIP Mensual (renovación)","Marlowe Ashcroft"
"2026-07-02 09:04:50","0","A","Willa Wycliffe","willa.wycliffe@example.net","Pseudo VIP Mensual - (renovación)","Marlowe Ashcroft"
"2026-07-02 07:27:17","7.9","A","Iris Pemberton","iris.pemberton@example.org","Pseudo VIP Starter Rate","Rory Delacroix"
"2026-07-02 06:31:34","29.5","A","Iris Underwood","iris.underwood@example.org","Pseudo VIP Mensual - (renovación)","Juniper Larkspur"
"2026-07-02 05:57:21","3.71","A","Harper Sterling","harper.sterling@example.net","Pseudo Coach VIP","Marlowe Ashcroft"
"2026-07-02 00:23:11","0","A","Zane Quillon","zane.quillon@example.net","Pseudo VIP Discounted","Teagan Vandermeer"
"2026-07-01 22:50:51","7.9","A","Wren Sinclair","wren.sinclair@example.net","Pseudo VIP Starter Rate","Juniper Larkspur"
"2026-07-01 18:13:42","39.5","A","Esme Fitzgerald","esme.fitzgerald@example.org","Pseudo VIP Monthly","Marlowe Ashcroft"
"2026-07-01 17:56:12","39.5","A","Wren Kingsley","wren.kingsley@example.com","Pseudo VIP Monthly","Marlowe Ashcroft"
"2026-07-01 16:53:50","24.5","A","Grayson Oakley","grayson.oakley@example.com","Pseudo VIP Discounted","Marlowe Ashcroft"
"2026-07-01 14:03:15","8.75","A","Mabel Dunmore","mabel.dunmore@example.com","Pseudo Creatine Scoop","Marlowe Ashcroft"
"2026-07-01 14:03:15","8.75","A","Mabel Dunmore","mabel.dunmore@example.com","Pseudo Creatine Scoop","Marlowe Ashcroft"
"2026-07-01 12:58:04","29.5","A","Quinn Kingsley","quinn.kingsley@example.net","Pseudo VIP Mensual (renovación)","Marlowe Ashcroft"
"2026-07-01 10:50:57","24.5","A","Everly Calloway","everly.calloway@example.org","Pseudo VIP Discounted","Silas Oakley"
"2026-07-01 09:55:40","29.5","A","Verity Quillon","verity.quillon@example.org","Pseudo VIP Mensual - (renovación)","Silas Oakley"
"2026-07-01 04:56:37","29.5","A","Teagan Pemberton","teagan.pemberton@example.com","Pseudo VIP Mensual (renovación)","Marlowe Ashcroft"
"2026-07-01 01:24:32","29.5","A","Iris Whitfield","iris.whitfield@example.net","Pseudo VIP Mensual (renovación)","Rory Delacroix"
"2026-06-29 13:59:00","14.87","A","Teagan Underwood","teagan.underwood@example.net","Pseudo Protein Blend","Marlowe Ashcroft"
"2026-06-29 03:07:21","14.87","A","Nova Fitzgerald","nova.fitzgerald@example.org","Pseudo Protein Blend","Marlowe Ashcroft"
"2026-06-29 03:07:21","14.87","A","Nova Fitzgerald","nova.fitzgerald@example.org","Pseudo Protein Blend","Marlowe Ashcroft"
"2026-06-29 01:28:00","8.75","A","Vaughn Jessup","vaughn.jessup@example.com","Pseudo Creatine Scoop","Silas Oakley"
"2026-06-28 21:25:00","8.75","A","Rosalind Montrose","rosalind.montrose@example.com","Pseudo Creatine Scoop","Teagan Vandermeer"
"2026-06-28 20:44:56","29.5","A","Emerson Whitfield","emerson.whitfield@example.net","Pseudo VIP Mensual (renovación)","Marlowe Ashcroft"
"2026-06-28 17:35:21","4.95","A","Wren Calloway","wren.calloway@example.org","Pseudo Coach VIP","Marlowe Ashcroft"
"2026-06-28 15:40:00","14.87","A","Sutton Ingram","sutton.ingram@example.com","Pseudo Protein Blend","Marlowe Ashcroft"
"2026-06-28 15:27:33","4.95","A","Juniper Radcliffe","juniper.radcliffe@example.net","Pseudo Coach VIP","Rory Delacroix"
"2026-06-28 14:11:29","0","A","Odette Jessup","odette.jessup@example.net","Pseudo VIP Mensual - (renovación)","Hollis Trenholm"
"2026-06-28 14:03:15","4.95","A","Mabel Dunmore","mabel.dunmore@example.com","Pseudo Coach VIP","Marlowe Ashcroft"
"2026-06-28 12:20:40","29.5","A","Emerson Hollister","emerson.hollister@example.org","Pseudo VIP Mensual (renovación)","Marlowe Ashcroft"
"2026-06-28 11:32:05","4.95","A","Sabine Quillon","sabine.quillon@example.org","Pseudo Coach VIP","Marlowe Ashcroft"
"2026-06-28 08:38:42","39.5","A","Clover Ravenscroft","clover.ravenscroft@example.net","Pseudo VIP Monthly","Marlowe Ashcroft"
"2026-06-28 04:17:58","4.95","A","Marlowe Yarrow","marlowe.yarrow@example.com","Pseudo Coach VIP","Nova Brennan"
"2026-06-28 03:30:23","29.5","A","Nolan Ingram","nolan.ingram@example.org","Pseudo VIP Mensual - (renovación)","Nova Brennan"
"2026-06-28 03:15:50","39.5","A","Jonah Fitzgerald","jonah.fitzgerald@example.net","Pseudo VIP Monthly","Marlowe Ashcroft"
"2026-06-28 03:09:37","0","A","Quinn Ravenscroft","quinn.ravenscroft@example.org","Pseudo VIP Mensual (renovación)","Iris Pemberton"
"2026-06-28 03:07:21","39.5","A","Nova Fitzgerald","nova.fitzgerald@example.org","Pseudo VIP Monthly","Marlowe Ashcroft"
"2026-06-28 00:46:42","39.5","A","Camden Underwood","camden.underwood@example.com","Pseudo VIP Monthly","Marlowe Ashcroft"
"2026-06-28 00:44:55","22.12","A","Silas Brennan","silas.brennan@example.com","Pseudo VIP Mensual - (renovación)","Marlowe Ashcroft"
"2026-06-27 16:54:21","0","A","Sloane Dunmore","sloane.dunmore@example.com","Pseudo Coach VIP","Marlowe Ashcroft"
"2026-06-27 12:26:15","29.5","A","Nolan Larkspur","nolan.larkspur@example.com","Pseudo VIP Mensual (renovación)","Hollis Trenholm"
"2026-06-27 10:00:00","87","A","Hayes Merrick","hayes.merrick@example.org","Pseudo Starter Program","Juniper Larkspur"
"2026-06-27 08:23:45","39.5","A","Wesley Thackeray","wesley.thackeray@example.org","Pseudo VIP Monthly","Marlowe Ashcroft"
"2026-06-27 06:38:13","29.5","A","Jonah Radcliffe","jonah.radcliffe@example.net","Pseudo VIP Mensual - (renovación)","Marlowe Ashcroft"
"2026-06-27 06:21:32","7.9","A","Hayes Radcliffe","hayes.radcliffe@example.net","Pseudo VIP Starter Rate","Silas Oakley"
"2026-06-27 02:38:07","24.49","A","Verity Prescott","verity.prescott@example.org","Pseudo VIP Monthly","Hollis Trenholm"
"2026-06-26 17:34:17","0","A","Jonah Vandermeer","jonah.vandermeer@example.net","Pseudo VIP Scholarship","Silas Oakley"
"2026-06-26 16:40:10","4.95","A","Clover Wycliffe","clover.wycliffe@example.com","Pseudo Coach VIP","Nova Brennan"
"2026-06-26 16:18:26","19.5","A","Harper Lockhart","harper.lockhart@example.net","Pseudo VIP Scholarship","Marlowe Ashcroft"
"2026-06-26 07:22:09","0","A","Juniper Wycliffe","juniper.wycliffe@example.org","Pseudo VIP Monthly","Marlowe Ashcroft"
"2026-06-26 06:22:08","12.09","A","Miles Larkspur","miles.larkspur@example.org","Pseudo VIP Scholarship","Marlowe Ashcroft"
"2026-06-25 10:25:00","0","A","Freya Brennan","freya.brennan@example.net","Pseudo VIP Discounted","Marlowe Ashcroft"
"2026-06-24 04:17:36","8.75","A","Camden Trenholm","camden.trenholm@example.com","Pseudo Creatine Scoop","Marlowe Ashcroft"
"2026-06-24 04:17:36","8.75","A","Camden Trenholm","camden.trenholm@example.com","Pseudo Creatine Scoop","Marlowe Ashcroft"
"2026-06-23 22:55:00","14.87","A","Rory Whitfield","rory.whitfield@example.com","Pseudo Protein Blend","Marlowe Ashcroft"
"2026-06-23 04:00:00","20","A","Rory Delacroix","rory.delacroix@example.org","Pseudo 14-Day Reset","Marlowe Ashcroft"
"2026-06-22 15:00:00","87","A","Parker Wycliffe","parker.wycliffe@example.com","Pseudo Starter Program","Marlowe Ashcroft"
"2026-06-22 01:21:00","8.49","A","Sabine Harrington","sabine.harrington@example.org","Pseudo Collagen Powder","Silas Oakley"
"2026-06-20 07:00:00","7.5","A","Juniper Montrose","juniper.montrose@example.org","Pseudo Meal Guide","Marlowe Ashcroft"
"2026-06-20 03:36:00","8.75","A","Reese Winslow","reese.winslow@example.com","Pseudo Creatine Scoop","Marlowe Ashcroft"
"2026-06-17 10:18:54","39.5","A","Teagan Pemberton","teagan.pemberton@example.net","Pseudo VIP Monthly","Marlowe Ashcroft"
"2026-06-17 02:53:29","24.49","A","Maren Jessup","maren.jessup@example.net","Pseudo VIP Monthly","Marlowe Ashcroft"
"2026-06-16 15:06:29","22.12","A","Thea Ravenscroft","thea.ravenscroft@example.com","Pseudo VIP Mensual - (renovación)","Marlowe Ashcroft"
"2026-06-16 13:04:00","22.12","A","Iris Kingsley","iris.kingsley@example.com","Pseudo VIP Mensual (renovación)","Marlowe Ashcroft"
"2026-06-16 02:43:51","29.5","A","Rowan Calloway","rowan.calloway@example.com","Pseudo VIP Mensual (renovación)","Marlowe Ashcroft"
"2026-06-15 23:41:15","24.49","A","Hollis Blackwood","hollis.blackwood@example.org","Pseudo VIP Monthly","Marlowe Ashcroft"
"2026-06-15 16:24:19","29.5","A","Willa Granger","willa.granger@example.net","Pseudo VIP Mensual - (renovación)","Rory Delacroix"
"2026-06-15 11:24:40","19.5","A","Clover Granger","clover.granger@example.org","Pseudo VIP Scholarship","Juniper Larkspur"
"2026-06-15 07:12:58","18.29","A","Zane Ravenscroft","zane.ravenscroft@example.com","Pseudo VIP Mensual - (renovación)","Teagan Vandermeer"
"2026-06-15 04:43:12","0","A","Sutton Oakley","sutton.oakley@example.org","Pseudo VIP Scholarship","Marlowe Ashcroft"
"2026-06-15 04:17:36","19.5","A","Camden Trenholm","camden.trenholm@example.com","Pseudo VIP Scholarship","Marlowe Ashcroft"
"2026-06-15 03:13:21","19.5","A","Declan Kingsley","declan.kingsley@example.org","Pseudo VIP Scholarship","Marlowe Ashcroft"
"2026-06-15 03:07:36","29.62","A","Hayes Delacroix","hayes.delacroix@example.org","Pseudo VIP Monthly","Marlowe Ashcroft"
"2026-06-15 00:22:58","0","A","Tatum Sinclair","tatum.sinclair@example.com","Pseudo Coach VIP","Juniper Larkspur"
"2026-06-14 22:30:51","18.38","A","Reese Quillon","reese.quillon@example.com","Pseudo VIP Discounted","Juniper Larkspur"
"2026-06-14 18:28:35","29.5","A","Miles Thackeray","miles.thackeray@example.com","Pseudo VIP Mensual (renovación)","Teagan Vandermeer"
"2026-06-14 18:15:41","7.9","A","Rory Underwood","rory.underwood@example.com","Pseudo VIP Starter Rate","Marlowe Ashcroft"
"2026-06-14 17:54:05","24.5","A","Anouk Brennan","anouk.brennan@example.org","Pseudo VIP Discounted","Marlowe Ashcroft"
"2026-06-14 11:25:18","39.5","A","Mabel Dunmore","mabel.dunmore@example.net","Pseudo VIP Monthly","Rory Delacroix"
"2026-06-14 10:30:55","4.95","A","Reese Merrick","reese.merrick@example.net","Pseudo Coach VIP","Marlowe Ashcroft"
"2026-06-14 10:01:36","29.62","A","Beatrix Radcliffe","beatrix.radcliffe@example.com","Pseudo VIP Monthly","Rory Delacroix"
"2026-06-14 02:53:49","22.12","A","Reese Hollister","reese.hollister@example.org","Pseudo VIP Mensual - (renovación)","Juniper Larkspur"
"2026-06-14 02:52:00","14.87","A","Silas Granger","silas.granger@example.com","Pseudo Protein Blend","Marlowe Ashcroft"
"2026-06-14 01:48:22","19.5","A","Everly Pemberton","everly.pemberton@example.com","Pseudo VIP Scholarship","Marlowe Ashcroft"
"2026-06-14 00:22:51","39.5","A","Mabel Yarrow","mabel.yarrow@example.org","Pseudo VIP Monthly","Marlowe Ashcroft"
"2026-06-13 19:57:03","7.9","A","Teagan Merrick","teagan.merrick@example.com","Pseudo VIP Starter Rate","Marlowe Ashcroft"
"2026-06-13 14:24:00","39.5","A","Emerson Winslow","emerson.winslow@example.net","Pseudo VIP Monthly","Marlowe Ashcroft"
"2026-06-13 12:15:24","4.95","A","Willa Ravenscroft","willa.ravenscroft@example.org","Pseudo Coach VIP","Marlowe Ashcroft"
"2026-06-13 11:26:25","18.29","A","Sawyer Ingram","sawyer.ingram@example.org","Pseudo VIP Mensual - (renovación)","Marlowe Ashcroft"
"2026-06-13 10:43:07","29.5","A","Beatrix Radcliffe","beatrix.radcliffe@example.org","Pseudo VIP Mensual (renovación)","Marlowe Ashcroft"
"2026-06-13 10:37:00","10.62","A","Parker Calloway","parker.calloway@example.com","Pseudo Hydration Mix","Marlowe Ashcroft"
"2026-06-13 08:46:21","29.5","A","Palmer Brennan","palmer.brennan@example.org","Pseudo VIP Mensual - (renovación)","Rory Delacroix"
"2026-06-13 06:19:08","7.9","A","Everly Vandermeer","everly.vandermeer@example.net","Pseudo VIP Starter Rate","Silas Oakley"
"2026-06-13 03:49:12","19.5","A","Sabine Blackwood","sabine.blackwood@example.net","Pseudo VIP Scholarship","Marlowe Ashcroft"
"2026-06-13 03:04:50","7.9","A","Rory Granger","rory.granger@example.com","Pseudo VIP Starter Rate","Marlowe Ashcroft"
"2026-06-13 02:58:55","7.9","A","Miles Calloway","miles.calloway@example.com","Pseudo VIP Starter Rate","Marlowe Ashcroft"
"2026-06-13 02:13:59","0","A","Freya Kingsley","freya.kingsley@example.net","Pseudo VIP Monthly","Marlowe Ashcroft"
"2026-06-13 01:06:20","19.5","A","Rowan Prescott","rowan.prescott@example.org","Pseudo VIP Scholarship","Marlowe Ashcroft"
"2026-06-12 23:56:54","29.5","A","Nolan Northcott","nolan.northcott@example.com","Pseudo VIP Mensual (renovación)","Marlowe Ashcroft"
"2026-06-12 21:32:07","19.5","A","Priya Dunmore","priya.dunmore@example.net","Pseudo VIP Scholarship","Marlowe Ashcroft"
"2026-06-12 19:58:35","39.5","A","Wesley Quillon","wesley.quillon@example.com","Pseudo VIP Monthly","Iris Pemberton"
"2026-06-12 18:29:29","7.9","A","Willa Quillon","willa.quillon@example.net","Pseudo VIP Starter Rate","Marlowe Ashcroft"
"2026-06-12 16:51:13","0","A","Odette Montrose","odette.montrose@example.net","Pseudo VIP Scholarship","Marlowe Ashcroft"
"2026-06-12 16:45:24","19.5","A","Clover Winslow","clover.winslow@example.org","Pseudo VIP Scholarship","Marlowe Ashcroft"
"2026-06-12 16:31:08","29.5","A","Owen Hollister","owen.hollister@example.com","Pseudo VIP Mensual - (renovación)","Teagan Vandermeer"
"2026-06-12 16:04:52","29.5","A","Odette Whitfield","odette.whitfield@example.org","Pseudo VIP Mensual - (renovación)","Marlowe Ashcroft"
"2026-06-12 11:05:06","7.9","A","Marlowe Lockhart","marlowe.lockhart@example.net","Pseudo VIP Starter Rate","Marlowe Ashcroft"
"2026-06-12 09:22:18","24.5","A","Blair Calloway","blair.calloway@example.org","Pseudo VIP Discounted","Marlowe Ashcroft"
"2026-06-12 04:59:49","0","A","Iris Harrington","iris.harrington@example.com","Pseudo VIP Starter Rate","Rory Delacroix"
"2026-06-12 00:47:40","4.95","A","Sabine Ellsworth","sabine.ellsworth@example.com","Pseudo Coach VIP","Silas Oakley"
"2026-06-11 23:17:29","7.9","A","Maren Ravenscroft","maren.ravenscroft@example.org","Pseudo VIP Starter Rate","Marlowe Ashcroft"
"2026-06-11 22:12:06","10.62","A","Priya Whitfield","priya.whitfield@example.com","Pseudo Hydration Mix","Marlowe Ashcroft"
"2026-06-11 22:12:06","10.62","A","Priya Whitfield","priya.whitfield@example.com","Pseudo Hydration Mix","Marlowe Ashcroft"
"2026-06-11 20:57:58","4.95","A","Hayes Delacroix","hayes.delacroix@example.com","Pseudo Coach VIP","Marlowe Ashcroft"
"2026-06-11 20:21:07","29.5","A","Rory Fairbanks","rory.fairbanks@example.com","Pseudo VIP Mensual (renovación)","Marlowe Ashcroft"
"2026-06-11 18:17:50","0","A","Beatrix Cartwright","beatrix.cartwright@example.com","Pseudo VIP Mensual (renovación)","Marlowe Ashcroft"
"2026-06-11 16:50:22","29.5","A","Mabel Wycliffe","mabel.wycliffe@example.net","Pseudo VIP Mensual (renovación)","Marlowe Ashcroft"
"2026-06-11 14:22:16","29.5","A","Sawyer Cartwright","sawyer.cartwright@example.com","Pseudo VIP Mensual - (renovación)","Marlowe Ashcroft"
"2026-06-11 13:37:05","7.9","A","Parker Ainsworth","parker.ainsworth@example.net","Pseudo VIP Starter Rate","Marlowe Ashcroft"
"2026-06-11 12:04:15","7.9","A","Blair Delacroix","blair.delacroix@example.net","Pseudo VIP Starter Rate","Marlowe Ashcroft"
"2026-06-11 10:42:52","7.9","A","Camden Radcliffe","camden.radcliffe@example.com","Pseudo VIP Starter Rate","Marlowe Ashcroft"
"2026-06-11 10:38:32","0","A","Mabel Larkspur","mabel.larkspur@example.org","Pseudo VIP Monthly","Juniper Larkspur"
"2026-06-11 10:33:41","4.95","A","Sutton Prescott","sutton.prescott@example.org","Pseudo Coach VIP","Teagan Vandermeer"
"2026-06-11 10:31:47","29.5","A","Marlowe Whitfield","marlowe.whitfield@example.org","Pseudo VIP Mensual - (renovación)","Juniper Larkspur"
"2026-06-11 10:00:33","7.9","A","Landon Hollister","landon.hollister@example.com","Pseudo VIP Starter Rate","Juniper Larkspur"
"2026-06-11 08:55:23","29.5","A","Jonah Wycliffe","jonah.wycliffe@example.com","Pseudo VIP Mensual - (renovación)","Marlowe Ashcroft"
"2026-06-11 08:45:30","29.5","A","Hollis Brennan","hollis.brennan@example.com","Pseudo VIP Mensual (renovación)","Marlowe Ashcroft"
"2026-06-11 08:24:44","19.5","A","Hayes Granger","hayes.granger@example.org","Pseudo VIP Scholarship","Marlowe Ashcroft"
"2026-06-11 08:02:13","39.5","A","Tatum Radcliffe","tatum.radcliffe@example.org","Pseudo VIP Monthly","Nova Brennan"
"2026-06-11 04:47:43","24.5","A","Wren Lockhart","wren.lockhart@example.com","Pseudo VIP Discounted","Marlowe Ashcroft"
"2026-06-11 03:42:49","7.9","A","Rory Sterling","rory.sterling@example.com","Pseudo VIP Starter Rate","Juniper Larkspur"
"2026-06-11 03:07:52","39.5","A","Linnea Merrick","linnea.merrick@example.net","Pseudo VIP Monthly","Juniper Larkspur"
"2026-06-11 01:37:28","39.5","A","Hayes Yarrow","hayes.yarrow@example.net","Pseudo VIP Monthly","Marlowe Ashcroft"
"2026-06-11 01:29:25","0","A","Delaney Quillon","delaney.quillon@example.com","Pseudo VIP Discounted","Marlowe Ashcroft"
"2026-06-10 20:05:43","29.5","A","Clover Lockhart","clover.lockhart@example.org","Pseudo VIP Mensual (renovación)","Marlowe Ashcroft"
"2026-06-10 18:17:35","19.5","A","Parker Radcliffe","parker.radcliffe@example.com","Pseudo VIP Scholarship","Marlowe Ashcroft"
"2026-06-10 15:44:53","7.9","A","Vaughn Oakley","vaughn.oakley@example.net","Pseudo VIP Starter Rate","Marlowe Ashcroft"
"2026-06-10 12:59:27","7.9","A","Zane Yarrow","zane.yarrow@example.com","Pseudo VIP Starter Rate","Marlowe Ashcroft"
"2026-06-10 09:18:32","29.5","A","Finley Sterling","finley.sterling@example.org","Pseudo VIP Mensual (renovación)","Marlowe Ashcroft"
"2026-06-10 05:18:54","29.5","A","Reese Trenholm","reese.trenholm@example.com","Pseudo VIP Mensual (renovación)","Teagan Vandermeer"
"2026-06-10 02:30:49","29.5","A","Juniper Pemberton","juniper.pemberton@example.com","Pseudo VIP Mensual - (renovación)","Marlowe Ashcroft"
"2026-06-10 00:39:06","39.5","A","Camden Wycliffe","camden.wycliffe@example.net","Pseudo VIP Monthly","Marlowe Ashcroft"
"2026-06-09 20:10:26","29.5","A","Rory Hollister","rory.hollister@example.net","Pseudo VIP Mensual (renovación)","Juniper Larkspur"
"2026-06-09 18:56:52","4.95","A","Landon Ashcroft","landon.ashcroft@example.net","Pseudo Coach VIP","Iris Pemberton"
"2026-06-09 17:53:50","19.5","A","Emerson Cartwright","emerson.cartwright@example.org","Pseudo VIP Scholarship","Marlowe Ashcroft"
"2026-06-09 15:23:14","29.5","A","Maren Thackeray","maren.thackeray@example.com","Pseudo VIP Mensual - (renovación)","Teagan Vandermeer"
"2026-06-09 07:26:10","4.95","A","Vaughn Blackwood","vaughn.blackwood@example.org","Pseudo Coach VIP","Marlowe Ashcroft"
"2026-06-09 06:40:00","8.49","A","Brooks Ashcroft","brooks.ashcroft@example.com","Pseudo Collagen Powder","Marlowe Ashcroft"
"2026-06-09 06:06:17","4.95","A","Grayson Fitzgerald","grayson.fitzgerald@example.com","Pseudo Coach VIP","Hollis Trenholm"
"2026-06-09 05:30:40","0","A","Grayson Harrington","grayson.harrington@example.com","Pseudo VIP Scholarship","Marlowe Ashcroft"
"2026-06-09 03:26:19","7.9","A","Avery Brennan","avery.brennan@example.net","Pseudo VIP Starter Rate","Marlowe Ashcroft"
"2026-06-09 03:05:17","24.5","A","Keaton Thackeray","keaton.thackeray@example.com","Pseudo VIP Discounted","Hollis Trenholm"
"2026-06-09 01:46:39","7.9","A","Keaton Merrick","keaton.merrick@example.org","Pseudo VIP Starter Rate","Marlowe Ashcroft"
"2026-06-09 00:59:23","29.5","A","Iris Lockhart","iris.lockhart@example.net","Pseudo VIP Mensual - (renovación)","Marlowe Ashcroft"
"2026-06-09 00:42:40","0","A","Freya Ashcroft","freya.ashcroft@example.org","Pseudo VIP Monthly","Teagan Vandermeer"
"2026-06-08 23:11:12","0","A","Keaton Winslow","keaton.winslow@example.net","Pseudo VIP Discounted","Marlowe Ashcroft"
"2026-06-08 22:12:06","29.5","A","Priya Whitfield","priya.whitfield@example.com","Pseudo VIP Mensual (renovación)","Marlowe Ashcroft"
"2026-06-08 22:09:40","24.5","A","Mabel Fairbanks","mabel.fairbanks@example.org","Pseudo VIP Discounted","Marlowe Ashcroft"
"2026-06-08 20:39:28","24.5","A","Teagan Dunmore","teagan.dunmore@example.org","Pseudo VIP Discounted","Juniper Larkspur"
"2026-06-08 18:18:59","24.5","A","Anouk Pemberton","anouk.pemberton@example.org","Pseudo VIP Discounted","Teagan Vandermeer"
"2026-06-08 18:09:00","8.75","A","Wesley Dunmore","wesley.dunmore@example.net","Pseudo Creatine Scoop","Teagan Vandermeer"
"2026-06-08 17:49:47","29.62","A","Sloane Ashcroft","sloane.ashcroft@example.com","Pseudo VIP Monthly","Juniper Larkspur"
"2026-06-08 13:12:21","29.5","A","Sabine Fitzgerald","sabine.fitzgerald@example.net","Pseudo VIP Mensual - (renovación)","Marlowe Ashcroft"
"2026-06-08 11:34:57","19.5","A","Keaton Whitfield","keaton.whitfield@example.com","Pseudo VIP Scholarship","Marlowe Ashcroft"
"2026-06-08 10:59:16","4.95","A","Willa Pemberton","willa.pemberton@example.net","Pseudo Coach VIP","Marlowe Ashcroft"
"2026-06-08 09:22:00","24.5","A","Landon Sinclair","landon.sinclair@example.com","Pseudo VIP Discounted","Marlowe Ashcroft"
"2026-06-08 08:53:29","0","A","Anouk Ainsworth","anouk.ainsworth@example.com","Pseudo VIP Mensual (renovación)","Marlowe Ashcroft"
"2026-06-08 07:38:56","24.5","A","Palmer Ainsworth","palmer.ainsworth@example.com","Pseudo VIP Discounted","Marlowe Ashcroft"
"2026-06-08 06:37:28","24.5","A","Brooks Prescott","brooks.prescott@example.com","Pseudo VIP Discounted","Marlowe Ashcroft"
"2026-06-08 06:07:00","3.71","A","Marlowe Sinclair","marlowe.sinclair@example.net","Pseudo Coach VIP","Marlowe Ashcroft"
"2026-06-08 05:53:33","24.5","A","Mabel Trenholm","mabel.trenholm@example.net","Pseudo VIP Discounted","Marlowe Ashcroft"
"2026-06-08 04:01:25","7.9","A","Harper Northcott","harper.northcott@example.org","Pseudo VIP Starter Rate","Marlowe Ashcroft"
"2026-06-08 00:31:02","29.5","A","Finley Hollister","finley.hollister@example.org","Pseudo VIP Mensual - (renovación)","Teagan Vandermeer"
"2026-06-08 00:04:25","24.5","A","Sawyer Sinclair","sawyer.sinclair@example.com","Pseudo VIP Discounted","Marlowe Ashcroft"
"2026-06-07 17:34:53","7.9","A","Verity Sterling","verity.sterling@example.net","Pseudo VIP Starter Rate","Marlowe Ashcroft"
"2026-06-07 16:49:06","29.5","A","Beatrix Northcott","beatrix.northcott@example.net","Pseudo VIP Mensual (renovación)","Marlowe Ashcroft"
"2026-06-07 13:31:48","29.5","A","Wesley Fitzgerald","wesley.fitzgerald@example.com","Pseudo VIP Mensual - (renovación)","Juniper Larkspur"
"2026-06-07 12:58:03","29.5","A","Iris Lockhart","iris.lockhart@example.com","Pseudo VIP Mensual (renovación)","Juniper Larkspur"
"2026-06-07 10:49:01","7.9","A","Juniper Northcott","juniper.northcott@example.net","Pseudo VIP Starter Rate","Marlowe Ashcroft"
"2026-06-07 09:00:00","20","A","Willa Merrick","willa.merrick@example.org","Pseudo 14-Day Reset","Teagan Vandermeer"
"2026-06-07 08:26:58","29.5","A","Clover Dunmore","clover.dunmore@example.com","Pseudo VIP Mensual - (renovación)","Marlowe Ashcroft"
"2026-06-07 07:57:53","7.9","A","Sutton Kingsley","sutton.kingsley@example.com","Pseudo VIP Starter Rate","Marlowe Ashcroft"
"2026-06-07 07:18:07","4.95","A","Anouk Ravenscroft","anouk.ravenscroft@example.com","Pseudo Coach VIP","Marlowe Ashcroft"
"2026-06-07 03:20:40","4.95","A","Sloane Sinclair","sloane.sinclair@example.org","Pseudo Coach VIP","Marlowe Ashcroft"
"2026-06-07 01:23:37","24.5","A","Iris Trenholm","iris.trenholm@example.org","Pseudo VIP Discounted","Marlowe Ashcroft"
"2026-06-07 00:15:16","7.9","A","Clover Vandermeer","clover.vandermeer@example.org","Pseudo VIP Starter Rate","Marlowe Ashcroft"
"2026-06-06 21:47:14","0","A","Mabel Jessup","mabel.jessup@example.com","Pseudo VIP Scholarship","Marlowe Ashcroft"
"2026-06-06 21:38:43","7.9","A","Verity Granger","verity.granger@example.com","Pseudo VIP Starter Rate","Marlowe Ashcroft"
"2026-06-06 21:29:53","19.5","A","Wesley Fitzgerald","wesley.fitzgerald@example.org","Pseudo VIP Scholarship","Marlowe Ashcroft"
"2026-06-06 21:22:04","24.5","A","Parker Trenholm","parker.trenholm@example.com","Pseudo VIP Discounted","Marlowe Ashcroft"
"2026-06-06 21:06:51","29.5","A","Verity Quillon","verity.quillon@example.com","Pseudo VIP Mensual - (renovación)","Marlowe Ashcroft"
"2026-06-06 19:59:30","24.5","A","Blair Ainsworth","blair.ainsworth@example.org","Pseudo VIP Discounted","Marlowe Ashcroft"
"2026-06-06 17:53:12","4.95","A","Tatum Quillon","tatum.quillon@example.com","Pseudo Coach VIP","Marlowe Ashcroft"
"2026-06-06 16:48:12","39.5","A","Sabine Lockhart","sabine.lockhart@example.net","Pseudo VIP Monthly","Marlowe Ashcroft"
"2026-06-06 16:00:00","87","A","Grayson Ashcroft","grayson.ashcroft@example.org","Pseudo Starter Program","Silas Oakley"
"2026-06-06 13:52:43","3.71","A","Anouk Kingsley","anouk.kingsley@example.net","Pseudo Coach VIP","Marlowe Ashcroft"
"2026-06-06 13:32:48","15.19","A","Owen Ellsworth","owen.ellsworth@example.com","Pseudo VIP Discounted","Marlowe Ashcroft"
"2026-06-06 06:59:33","7.9","A","Hollis Ellsworth","hollis.ellsworth@example.org","Pseudo VIP Starter Rate","Marlowe Ashcroft"
"2026-06-06 04:21:05","24.5","A","Declan Ravenscroft","declan.ravenscroft@example.net","Pseudo VIP Discounted","Juniper Larkspur"
"2026-06-06 03:53:31","39.5","A","Teagan Calloway","teagan.calloway@example.net","Pseudo VIP Monthly","Marlowe Ashcroft"
"2026-06-05 20:34:12","24.5","A","Tatum Quillon","tatum.quillon@example.org","Pseudo VIP Discounted","Marlowe Ashcroft"
"2026-06-05 20:12:20","29.5","A","Jonah Yarrow","jonah.yarrow@example.org","Pseudo VIP Mensual (renovación)","Marlowe Ashcroft"
"2026-06-05 15:44:37","39.5","A","Silas Jessup","silas.jessup@example.net","Pseudo VIP Monthly","Teagan Vandermeer"
"2026-06-05 15:31:47","24.5","A","Declan Dunmore","declan.dunmore@example.net","Pseudo VIP Discounted","Marlowe Ashcroft"
"2026-06-05 14:27:05","29.5","A","Priya Lockhart","priya.lockhart@example.com","Pseudo VIP Mensual (renovación)","Marlowe Ashcroft"
"2026-06-05 11:56:13","4.95","A","Elliot Quillon","elliot.quillon@example.net","Pseudo Coach VIP","Iris Pemberton"
"2026-06-05 09:28:44","29.5","A","Tatum Kingsley","tatum.kingsley@example.org","Pseudo VIP Mensual - (renovación)","Marlowe Ashcroft"
"2026-06-05 05:29:34","14.87","A","Iris Underwood","iris.underwood@example.org","Pseudo Protein Blend","Juniper Larkspur"
"2026-06-05 05:29:34","14.87","A","Iris Underwood","iris.underwood@example.org","Pseudo Protein Blend","Juniper Larkspur"
"2026-06-05 03:32:29","29.5","A","Sawyer Merrick","sawyer.merrick@example.org","Pseudo VIP Mensual (renovación)","Nova Brennan"
"2026-06-04 14:51:42","18.29","A","Zane Vandermeer","zane.vandermeer@example.net","Pseudo VIP Mensual - (renovación)","Marlowe Ashcroft"
"2026-06-04 11:46:23","29.5","A","Mabel Ashcroft","mabel.ashcroft@example.com","Pseudo VIP Mensual (renovación)","Marlowe Ashcroft"
"2026-06-04 10:29:34","4.95","A","Nolan Calloway","nolan.calloway@example.net","Pseudo Coach VIP","Teagan Vandermeer"
"2026-06-04 10:20:00","14.87","A","Brooks Ashcroft","brooks.ashcroft@example.com","Pseudo Protein Blend","Marlowe Ashcroft"
"2026-06-04 07:45:20","39.5","A","Harper Larkspur","harper.larkspur@example.org","Pseudo VIP Monthly","Rory Delacroix"
"2026-06-04 07:22:37","39.5","A","Nova Hollister","nova.hollister@example.com","Pseudo VIP Monthly","Marlowe Ashcroft"
"2026-06-04 06:36:25","4.95","A","Jonah Fairbanks","jonah.fairbanks@example.org","Pseudo Coach VIP","Marlowe Ashcroft"
"2026-06-04 04:01:59","24.5","A","Beatrix Merrick","beatrix.merrick@example.net","Pseudo VIP Discounted","Marlowe Ashcroft"
"2026-06-04 03:35:49","29.5","A","Sloane Kingsley","sloane.kingsley@example.org","Pseudo VIP Mensual - (renovación)","Teagan Vandermeer"
"2026-06-04 03:11:42","22.12","A","Esme Cartwright","esme.cartwright@example.com","Pseudo VIP Mensual - (renovación)","Marlowe Ashcroft"
"2026-06-03 20:53:25","29.5","A","Blair Quillon","blair.quillon@example.com","Pseudo VIP Mensual - (renovación)","Marlowe Ashcroft"
"2026-06-03 17:21:43","7.9","A","Wren Ellsworth","wren.ellsworth@example.net","Pseudo VIP Starter Rate","Marlowe Ashcroft"
"2026-06-03 16:48:58","19.5","A","Willa Calloway","willa.calloway@example.com","Pseudo VIP Scholarship","Marlowe Ashcroft"
"2026-06-03 16:22:31","0","A","Rowan Kingsley","rowan.kingsley@example.com","Pseudo VIP Discounted","Marlowe Ashcroft"
"2026-06-03 10:14:17","39.5","A","Freya Whitfield","freya.whitfield@example.com","Pseudo VIP Monthly","Nova Brennan"
"2026-06-03 09:04:30","39.5","A","Mabel Radcliffe","mabel.radcliffe@example.org","Pseudo VIP Monthly","Marlowe Ashcroft"
"2026-06-03 07:31:00","19.5","A","Sawyer Radcliffe","sawyer.radcliffe@example.net","Pseudo VIP Scholarship","Nova Brennan"
"2026-06-03 04:58:29","39.5","A","Emerson Sterling","emerson.sterling@example.org","Pseudo VIP Monthly","Marlowe Ashcroft"
"2026-06-03 03:49:18","29.5","A","Freya Radcliffe","freya.radcliffe@example.com","Pseudo VIP Mensual - (renovación)","Marlowe Ashcroft"
"2026-06-03 03:43:29","12.09","A","Wren Ainsworth","wren.ainsworth@example.com","Pseudo VIP Scholarship","Teagan Vandermeer"
"2026-06-03 03:43:12","29.5","A","Anouk Yarrow","anouk.yarrow@example.net","Pseudo VIP Mensual (renovación)","Marlowe Ashcroft"
"2026-06-03 01:56:53","22.12","A","Odette Prescott","odette.prescott@example.net","Pseudo VIP Mensual - (renovación)","Marlowe Ashcroft"
"2026-06-03 01:11:10","19.5","A","Iris Quillon","iris.quillon@example.com","Pseudo VIP Scholarship","Teagan Vandermeer"
"2026-06-02 22:52:58","4.95","A","Finley Oakley","finley.oakley@example.com","Pseudo Coach VIP","Marlowe Ashcroft"
"2026-06-02 16:22:30","4.95","A","Rory Northcott","rory.northcott@example.net","Pseudo Coach VIP","Marlowe Ashcroft"
"2026-06-02 14:41:27","24.5","A","Vaughn Ainsworth","vaughn.ainsworth@example.net","Pseudo VIP Discounted","Juniper Larkspur"
"2026-06-02 12:49:08","4.95","A","Teagan Prescott","teagan.prescott@example.org","Pseudo Coach VIP","Marlowe Ashcroft"
"2026-06-02 12:00:23","29.5","A","Mabel Hollister","mabel.hollister@example.org","Pseudo VIP Mensual (renovación)","Marlowe Ashcroft"
"2026-06-02 08:51:50","0","A","Willa Wycliffe","willa.wycliffe@example.net","Pseudo VIP Mensual - (renovación)","Marlowe Ashcroft"
"2026-06-02 07:18:21","3.71","A","Harper Sterling","harper.sterling@example.net","Pseudo Coach VIP","Marlowe Ashcroft"
"2026-06-02 07:05:17","7.9","A","Iris Pemberton","iris.pemberton@example.org","Pseudo VIP Starter Rate","Rory Delacroix"
"2026-06-02 05:29:34","29.5","A","Iris Underwood","iris.underwood@example.org","Pseudo VIP Mensual - (renovación)","Juniper Larkspur"
"2026-06-02 01:22:11","0","A","Zane Quillon","zane.quillon@example.net","Pseudo VIP Discounted","Teagan Vandermeer"
"2026-06-02 00:03:51","7.9","A","Wren Sinclair","wren.sinclair@example.net","Pseudo VIP Starter Rate","Juniper Larkspur"
"2026-06-01 18:35:12","39.5","A","Wren Kingsley","wren.kingsley@example.com","Pseudo VIP Monthly","Marlowe Ashcroft"
"2026-06-01 17:29:50","24.5","A","Grayson Oakley","grayson.oakley@example.com","Pseudo VIP Discounted","Marlowe Ashcroft"
"2026-06-01 17:00:42","39.5","A","Esme Fitzgerald","esme.fitzgerald@example.org","Pseudo VIP Monthly","Marlowe Ashcroft"
"2026-06-01 13:14:04","29.5","A","Quinn Kingsley","quinn.kingsley@example.net","Pseudo VIP Mensual (renovación)","Marlowe Ashcroft"
"2026-06-01 11:18:57","24.5","A","Everly Calloway","everly.calloway@example.org","Pseudo VIP Discounted","Silas Oakley"
"2026-06-01 10:22:40","29.5","A","Verity Quillon","verity.quillon@example.org","Pseudo VIP Mensual - (renovación)","Silas Oakley"
"2026-06-01 04:18:37","29.5","A","Teagan Pemberton","teagan.pemberton@example.com","Pseudo VIP Mensual (renovación)","Marlowe Ashcroft"
"2026-06-01 01:18:32","29.5","A","Iris Whitfield","iris.whitfield@example.net","Pseudo VIP Mensual (renovación)","Rory Delacroix"
"2026-05-30 00:00:00","87","A","Landon Sinclair","landon.sinclair@example.org","Pseudo Starter Program","Marlowe Ashcroft"
"2026-05-29 22:00:00","20","A","Miles Fitzgerald","miles.fitzgerald@example.org","Pseudo 14-Day Reset","Marlowe Ashcroft"
"2026-05-29 02:58:21","39.5","A","Nova Fitzgerald","nova.fitzgerald@example.org","Pseudo VIP Monthly","Marlowe Ashcroft"
"2026-05-28 21:55:56","29.5","A","Emerson Whitfield","emerson.whitfield@example.net","Pseudo VIP Mensual (renovación)","Marlowe Ashcroft"
"2026-05-28 16:43:33","4.95","A","Juniper Radcliffe","juniper.radcliffe@example.net","Pseudo Coach VIP","Rory Delacroix"
"2026-05-28 15:21:29","0","A","Odette Jessup","odette.jessup@example.net","Pseudo VIP Mensual - (renovación)","Hollis Trenholm"
"2026-05-28 13:31:15","4.95","A","Mabel Dunmore","mabel.dunmore@example.com","Pseudo Coach VIP","Marlowe Ashcroft"
"2026-05-28 11:53:40","29.5","A","Emerson Hollister","emerson.hollister@example.org","Pseudo VIP Mensual (renovación)","Marlowe Ashcroft"
"2026-05-28 11:50:05","4.95","A","Sabine Quillon","sabine.quillon@example.org","Pseudo Coach VIP","Marlowe Ashcroft"
"2026-05-28 08:25:42","39.5","A","Clover Ravenscroft","clover.ravenscroft@example.net","Pseudo VIP Monthly","Marlowe Ashcroft"
"2026-05-28 04:34:37","0","A","Quinn Ravenscroft","quinn.ravenscroft@example.org","Pseudo VIP Mensual (renovación)","Iris Pemberton"
"2026-05-28 02:35:50","39.5","A","Jonah Fitzgerald","jonah.fitzgerald@example.net","Pseudo VIP Monthly","Marlowe Ashcroft"
"2026-05-28 02:26:23","29.5","A","Nolan Ingram","nolan.ingram@example.org","Pseudo VIP Mensual - (renovación)","Nova Brennan"
"2026-05-28 00:04:42","39.5","A","Camden Underwood","camden.underwood@example.com","Pseudo VIP Monthly","Marlowe Ashcroft"
"2026-05-27 23:30:55","22.12","A","Silas Brennan","silas.brennan@example.com","Pseudo VIP Mensual - (renovación)","Marlowe Ashcroft"
"2026-05-27 19:40:00","8.49","A","Iris Lockhart","iris.lockhart@example.org","Pseudo Collagen Powder","Marlowe Ashcroft"
"2026-05-27 18:13:21","0","A","Sloane Dunmore","sloane.dunmore@example.com","Pseudo Coach VIP","Marlowe Ashcroft"
"2026-05-27 14:42:35","7.9","A","Iris Ashcroft","iris.ashcroft@example.com","Pseudo VIP Starter Rate","Marlowe Ashcroft"
"2026-05-27 09:10:45","39.5","A","Wesley Thackeray","wesley.thackeray@example.org","Pseudo VIP Monthly","Marlowe Ashcroft"
"2026-05-27 05:51:13","29.5","A","Jonah Radcliffe","jonah.radcliffe@example.net","Pseudo VIP Mensual - (renovación)","Marlowe Ashcroft"
"2026-05-27 05:23:32","7.9","A","Hayes Radcliffe","hayes.radcliffe@example.net","Pseudo VIP Starter Rate","Silas Oakley"
"2026-05-27 03:48:07","24.49","A","Verity Prescott","verity.prescott@example.org","Pseudo VIP Monthly","Hollis Trenholm"
"2026-05-26 23:57:22","24.5","A","Landon Fitzgerald","landon.fitzgerald@example.org","Pseudo VIP Discounted","Marlowe Ashcroft"
"2026-05-26 18:42:17","0","A","Jonah Vandermeer","jonah.vandermeer@example.net","Pseudo VIP Scholarship","Silas Oakley"
"2026-05-26 16:48:10","4.95","A","Clover Wycliffe","clover.wycliffe@example.com","Pseudo Coach VIP","Nova Brennan"
"2026-05-26 15:36:00","8.49","A","Declan Montrose","declan.montrose@example.com","Pseudo Collagen Powder","Silas Oakley"
"2026-05-26 15:25:26","19.5","A","Harper Lockhart","harper.lockhart@example.net","Pseudo VIP Scholarship","Marlowe Ashcroft"
"2026-05-26 07:12:09","0","A","Juniper Wycliffe","juniper.wycliffe@example.org","Pseudo VIP Monthly","Marlowe Ashcroft"
"2026-05-26 06:01:08","12.09","A","Miles Larkspur","miles.larkspur@example.org","Pseudo VIP Scholarship","Marlowe Ashcroft"
"2026-05-25 09:58:00","0","A","Freya Brennan","freya.brennan@example.net","Pseudo VIP Discounted","Marlowe Ashcroft"
"2026-05-23 16:34:00","10.62","A","Delaney Wycliffe","delaney.wycliffe@example.com","Pseudo Hydration Mix","Marlowe Ashcroft"
"2026-05-21 20:00:00","7.5","A","Silas Whitfield","silas.whitfield@example.com","Pseudo Meal Guide","Marlowe Ashcroft"
"2026-05-18 13:03:00","8.49","A","Sabine Harrington","sabine.harrington@example.org","Pseudo Collagen Powder","Silas Oakley"
"2026-05-17 10:25:54","39.5","A","Teagan Pemberton","teagan.pemberton@example.net","Pseudo VIP Monthly","Marlowe Ashcroft"
"2026-05-17 02:24:29","39.5","A","Maren Jessup","maren.jessup@example.net","Pseudo VIP Monthly","Marlowe Ashcroft"
"2026-05-16 16:39:24","19.5","A","Avery Vandermeer","avery.vandermeer@example.org","Pseudo VIP Scholarship","Teagan Vandermeer"
"2026-05-16 14:33:00","22.12","A","Iris Kingsley","iris.kingsley@example.com","Pseudo VIP Mensual (renovación)","Marlowe Ashcroft"
"2026-05-16 14:30:29","29.5","A","Thea Ravenscroft","thea.ravenscroft@example.com","Pseudo VIP Mensual - (renovación)","Marlowe Ashcroft"
"2026-05-16 07:00:00","14.87","A","Delaney Sterling","delaney.sterling@example.com","Pseudo Protein Blend","Marlowe Ashcroft"
"2026-05-16 03:29:51","29.5","A","Rowan Calloway","rowan.calloway@example.com","Pseudo VIP Mensual (renovación)","Marlowe Ashcroft"
"2026-05-16 00:15:53","4.95","A","Palmer Prescott","palmer.prescott@example.org","Pseudo Coach VIP","Marlowe Ashcroft"
"2026-05-15 23:48:15","24.49","A","Hollis Blackwood","hollis.blackwood@example.org","Pseudo VIP Monthly","Marlowe Ashcroft"
"2026-05-15 12:50:40","19.5","A","Clover Granger","clover.granger@example.org","Pseudo VIP Scholarship","Juniper Larkspur"
"2026-05-15 11:22:00","10.62","A","Declan Ravenscroft","declan.ravenscroft@example.com","Pseudo Hydration Mix","Marlowe Ashcroft"
"2026-05-15 06:46:58","18.29","A","Zane Ravenscroft","zane.ravenscroft@example.com","Pseudo VIP Mensual - (renovación)","Teagan Vandermeer"
"2026-05-15 06:07:12","0","A","Sutton Oakley","sutton.oakley@example.org","Pseudo VIP Scholarship","Marlowe Ashcroft"
"2026-05-15 04:43:36","19.5","A","Camden Trenholm","camden.trenholm@example.com","Pseudo VIP Scholarship","Marlowe Ashcroft"
"2026-05-15 02:13:36","29.62","A","Hayes Delacroix","hayes.delacroix@example.org","Pseudo VIP Monthly","Marlowe Ashcroft"
"2026-05-15 02:02:21","19.5","A","Declan Kingsley","declan.kingsley@example.org","Pseudo VIP Scholarship","Marlowe Ashcroft"
"2026-05-15 01:10:58","0","A","Tatum Sinclair","tatum.sinclair@example.com","Pseudo Coach VIP","Juniper Larkspur"
"2026-05-14 22:26:51","18.38","A","Reese Quillon","reese.quillon@example.com","Pseudo VIP Discounted","Juniper Larkspur"
"2026-05-14 18:46:41","7.9","A","Rory Underwood","rory.underwood@example.com","Pseudo VIP Starter Rate","Marlowe Ashcroft"
"2026-05-14 18:35:35","29.5","A","Miles Thackeray","miles.thackeray@example.com","Pseudo VIP Mensual (renovación)","Teagan Vandermeer"
"2026-05-14 17:16:05","24.5","A","Anouk Brennan","anouk.brennan@example.org","Pseudo VIP Discounted","Marlowe Ashcroft"
"2026-05-14 10:16:18","39.5","A","Mabel Dunmore","mabel.dunmore@example.net","Pseudo VIP Monthly","Rory Delacroix"
"2026-05-14 09:16:55","4.95","A","Reese Merrick","reese.merrick@example.net","Pseudo Coach VIP","Marlowe Ashcroft"
"2026-05-14 09:14:36","29.62","A","Beatrix Radcliffe","beatrix.radcliffe@example.com","Pseudo VIP Monthly","Rory Delacroix"
"2026-05-14 04:02:36","7.9","A","Sutton Calloway","sutton.calloway@example.net","Pseudo VIP Starter Rate","Marlowe Ashcroft"
"2026-05-14 03:57:49","22.12","A","Reese Hollister","reese.hollister@example.org","Pseudo VIP Mensual - (renovación)","Juniper Larkspur"
"2026-05-14 02:21:22","19.5","A","Everly Pemberton","everly.pemberton@example.com","Pseudo VIP Scholarship","Marlowe Ashcroft"
"2026-05-14 00:35:34","4.95","A","Anouk Granger","anouk.granger@example.com","Pseudo Coach VIP","Marlowe Ashcroft"
"2026-05-13 23:04:51","39.5","A","Mabel Yarrow","mabel.yarrow@example.org","Pseudo VIP Monthly","Marlowe Ashcroft"
"2026-05-13 20:27:03","7.9","A","Teagan Merrick","teagan.merrick@example.com","Pseudo VIP Starter Rate","Marlowe Ashcroft"
"2026-05-13 12:33:25","18.29","A","Sawyer Ingram","sawyer.ingram@example.org","Pseudo VIP Mensual - (renovación)","Marlowe Ashcroft"
"2026-05-13 11:16:07","29.5","A","Beatrix Radcliffe","beatrix.radcliffe@example.org","Pseudo VIP Mensual (renovación)","Marlowe Ashcroft"
"2026-05-13 09:46:21","29.5","A","Palmer Brennan","palmer.brennan@example.org","Pseudo VIP Mensual - (renovación)","Rory Delacroix"
"2026-05-13 06:57:08","7.9","A","Everly Vandermeer","everly.vandermeer@example.net","Pseudo VIP Starter Rate","Silas Oakley"
"2026-05-13 03:41:50","7.9","A","Rory Granger","rory.granger@example.com","Pseudo VIP Starter Rate","Marlowe Ashcroft"
"2026-05-13 03:21:59","0","A","Freya Kingsley","freya.kingsley@example.net","Pseudo VIP Monthly","Marlowe Ashcroft"
"2026-05-13 02:26:55","7.9","A","Miles Calloway","miles.calloway@example.com","Pseudo VIP Starter Rate","Marlowe Ashcroft"
"2026-05-13 00:41:20","19.5","A","Rowan Prescott","rowan.prescott@example.org","Pseudo VIP Scholarship","Marlowe Ashcroft"
"2026-05-12 23:29:54","29.5","A","Nolan Northcott","nolan.northcott@example.com","Pseudo VIP Mensual (renovación)","Marlowe Ashcroft"
"2026-05-12 21:40:07","19.5","A","Priya Dunmore","priya.dunmore@example.net","Pseudo VIP Scholarship","Marlowe Ashcroft"
"2026-05-12 20:52:35","39.5","A","Wesley Quillon","wesley.quillon@example.com","Pseudo VIP Monthly","Iris Pemberton"
"2026-05-12 17:55:24","19.5","A","Clover Winslow","clover.winslow@example.org","Pseudo VIP Scholarship","Marlowe Ashcroft"
"2026-05-12 17:17:29","7.9","A","Willa Quillon","willa.quillon@example.net","Pseudo VIP Starter Rate","Marlowe Ashcroft"
"2026-05-12 16:18:13","0","A","Odette Montrose","odette.montrose@example.net","Pseudo VIP Scholarship","Marlowe Ashcroft"
"2026-05-12 13:54:35","39.5","A","Rosalind Wycliffe","rosalind.wycliffe@example.org","Pseudo VIP Monthly","Marlowe Ashcroft"
"2026-05-12 12:55:00","8.49","A","Sabine Harrington","sabine.harrington@example.org","Pseudo Collagen Powder","Silas Oakley"
"2026-05-12 12:29:06","7.9","A","Marlowe Lockhart","marlowe.lockhart@example.net","Pseudo VIP Starter Rate","Marlowe Ashcroft"
"2026-05-12 09:38:18","24.5","A","Blair Calloway","blair.calloway@example.org","Pseudo VIP Discounted","Marlowe Ashcroft"
"2026-05-12 03:50:49","0","A","Iris Harrington","iris.harrington@example.com","Pseudo VIP Starter Rate","Rory Delacroix"
"2026-05-12 01:29:40","4.95","A","Sabine Ellsworth","sabine.ellsworth@example.com","Pseudo Coach VIP","Silas Oakley"
"2026-05-11 22:55:29","7.9","A","Maren Ravenscroft","maren.ravenscroft@example.org","Pseudo VIP Starter Rate","Marlowe Ashcroft"
"2026-05-11 20:10:07","29.5","A","Rory Fairbanks","rory.fairbanks@example.com","Pseudo VIP Mensual (renovación)","Marlowe Ashcroft"
"2026-05-11 18:13:22","29.5","A","Mabel Wycliffe","mabel.wycliffe@example.net","Pseudo VIP Mensual (renovación)","Marlowe Ashcroft"
"2026-05-11 17:19:50","0","A","Beatrix Cartwright","beatrix.cartwright@example.com","Pseudo VIP Mensual (renovación)","Marlowe Ashcroft"
"2026-05-11 15:05:05","7.9","A","Parker Ainsworth","parker.ainsworth@example.net","Pseudo VIP Starter Rate","Marlowe Ashcroft"
"2026-05-11 15:03:16","29.5","A","Sawyer Cartwright","sawyer.cartwright@example.com","Pseudo VIP Mensual - (renovación)","Marlowe Ashcroft"
"2026-05-11 13:07:15","7.9","A","Blair Delacroix","blair.delacroix@example.net","Pseudo VIP Starter Rate","Marlowe Ashcroft"
"2026-05-11 11:59:32","0","A","Mabel Larkspur","mabel.larkspur@example.org","Pseudo VIP Monthly","Juniper Larkspur"
"2026-05-11 11:08:52","7.9","A","Camden Radcliffe","camden.radcliffe@example.com","Pseudo VIP Starter Rate","Marlowe Ashcroft"
"2026-05-11 10:12:30","29.5","A","Hollis Brennan","hollis.brennan@example.com","Pseudo VIP Mensual (renovación)","Marlowe Ashcroft"
"2026-05-11 10:10:33","7.9","A","Landon Hollister","landon.hollister@example.com","Pseudo VIP Starter Rate","Juniper Larkspur"
"2026-05-11 09:23:41","4.95","A","Sutton Prescott","sutton.prescott@example.org","Pseudo Coach VIP","Teagan Vandermeer"
"2026-05-11 09:12:23","29.5","A","Jonah Wycliffe","jonah.wycliffe@example.com","Pseudo VIP Mensual - (renovación)","Marlowe Ashcroft"
"2026-05-11 08:27:44","19.5","A","Hayes Granger","hayes.granger@example.org","Pseudo VIP Scholarship","Marlowe Ashcroft"
"2026-05-11 07:18:13","39.5","A","Tatum Radcliffe","tatum.radcliffe@example.org","Pseudo VIP Monthly","Nova Brennan"
"2026-05-11 05:20:43","24.5","A","Wren Lockhart","wren.lockhart@example.com","Pseudo VIP Discounted","Marlowe Ashcroft"
"2026-05-11 04:21:52","39.5","A","Linnea Merrick","linnea.merrick@example.net","Pseudo VIP Monthly","Juniper Larkspur"
"2026-05-11 04:00:49","7.9","A","Rory Sterling","rory.sterling@example.com","Pseudo VIP Starter Rate","Juniper Larkspur"
"2026-05-11 00:08:25","0","A","Delaney Quillon","delaney.quillon@example.com","Pseudo VIP Discounted","Marlowe Ashcroft"
"2026-05-11 00:07:00","10.62","A","Delaney Wycliffe","delaney.wycliffe@example.com","Pseudo Hydration Mix","Marlowe Ashcroft"
"2026-05-10 18:41:43","29.5","A","Clover Lockhart","clover.lockhart@example.org","Pseudo VIP Mensual (renovación)","Marlowe Ashcroft"
"2026-05-10 18:02:35","19.5","A","Parker Radcliffe","parker.radcliffe@example.com","Pseudo VIP Scholarship","Marlowe Ashcroft"
"2026-05-10 14:01:27","7.9","A","Zane Yarrow","zane.yarrow@example.com","Pseudo VIP Starter Rate","Marlowe Ashcroft"
"2026-05-10 08:21:32","29.5","A","Finley Sterling","finley.sterling@example.org","Pseudo VIP Mensual (renovación)","Marlowe Ashcroft"
"2026-05-10 07:01:49","4.95","A","Odette Calloway","odette.calloway@example.net","Pseudo Coach VIP","Marlowe Ashcroft"
"2026-05-10 03:59:54","29.5","A","Reese Trenholm","reese.trenholm@example.com","Pseudo VIP Mensual (renovación)","Teagan Vandermeer"
"2026-05-10 03:44:49","29.5","A","Juniper Pemberton","juniper.pemberton@example.com","Pseudo VIP Mensual - (renovación)","Marlowe Ashcroft"
"2026-05-10 02:41:33","7.9","A","Rosalind Granger","rosalind.granger@example.net","Pseudo VIP Starter Rate","Marlowe Ashcroft"
"2026-05-10 00:14:06","39.5","A","Camden Wycliffe","camden.wycliffe@example.net","Pseudo VIP Monthly","Marlowe Ashcroft"
"2026-05-09 20:24:26","29.5","A","Rory Hollister","rory.hollister@example.net","Pseudo VIP Mensual (renovación)","Juniper Larkspur"
"2026-05-09 19:04:52","4.95","A","Landon Ashcroft","landon.ashcroft@example.net","Pseudo Coach VIP","Iris Pemberton"
"2026-05-09 16:50:14","29.5","A","Maren Thackeray","maren.thackeray@example.com","Pseudo VIP Mensual - (renovación)","Teagan Vandermeer"
"2026-05-09 13:38:40","39.5","A","Clover Ellsworth","clover.ellsworth@example.net","Pseudo VIP Monthly","Marlowe Ashcroft"
"2026-05-09 12:53:38","7.9","A","Zane Ainsworth","zane.ainsworth@example.net","Pseudo VIP Starter Rate","Marlowe Ashcroft"
"2026-05-09 07:00:40","0","A","Grayson Harrington","grayson.harrington@example.com","Pseudo VIP Scholarship","Marlowe Ashcroft"
"2026-05-09 06:21:10","4.95","A","Vaughn Blackwood","vaughn.blackwood@example.org","Pseudo Coach VIP","Marlowe Ashcroft"
"2026-05-09 03:28:17","24.5","A","Keaton Thackeray","keaton.thackeray@example.com","Pseudo VIP Discounted","Hollis Trenholm"
"2026-05-09 02:28:19","7.9","A","Avery Brennan","avery.brennan@example.net","Pseudo VIP Starter Rate","Marlowe Ashcroft"
"2026-05-09 01:47:40","0","A","Freya Ashcroft","freya.ashcroft@example.org","Pseudo VIP Monthly","Teagan Vandermeer"
"2026-05-09 00:00:23","29.5","A","Iris Lockhart","iris.lockhart@example.net","Pseudo VIP Mensual - (renovación)","Marlowe Ashcroft"
"2026-05-08 21:55:12","0","A","Keaton Winslow","keaton.winslow@example.net","Pseudo VIP Discounted","Marlowe Ashcroft"
"2026-05-08 21:17:06","29.5","A","Priya Whitfield","priya.whitfield@example.com","Pseudo VIP Mensual (renovación)","Marlowe Ashcroft"
"2026-05-08 19:58:28","24.5","A","Teagan Dunmore","teagan.dunmore@example.org","Pseudo VIP Discounted","Juniper Larkspur"
"2026-05-08 18:41:47","29.62","A","Sloane Ashcroft","sloane.ashcroft@example.com","Pseudo VIP Monthly","Juniper Larkspur"
"2026-05-08 17:42:59","24.5","A","Anouk Pemberton","anouk.pemberton@example.org","Pseudo VIP Discounted","Teagan Vandermeer"
"2026-05-08 13:06:21","29.5","A","Sabine Fitzgerald","sabine.fitzgerald@example.net","Pseudo VIP Mensual - (renovación)","Marlowe Ashcroft"
"2026-05-08 12:25:57","19.5","A","Keaton Whitfield","keaton.whitfield@example.com","Pseudo VIP Scholarship","Marlowe Ashcroft"
"2026-05-08 10:16:16","4.95","A","Willa Pemberton","willa.pemberton@example.net","Pseudo Coach VIP","Marlowe Ashcroft"
"2026-05-08 09:55:29","0","A","Anouk Ainsworth","anouk.ainsworth@example.com","Pseudo VIP Mensual (renovación)","Marlowe Ashcroft"
"2026-05-08 09:00:00","24.5","A","Landon Sinclair","landon.sinclair@example.com","Pseudo VIP Discounted","Marlowe Ashcroft"
"2026-05-08 08:30:56","24.5","A","Palmer Ainsworth","palmer.ainsworth@example.com","Pseudo VIP Discounted","Marlowe Ashcroft"
"2026-05-08 07:13:33","24.5","A","Mabel Trenholm","mabel.trenholm@example.net","Pseudo VIP Discounted","Marlowe Ashcroft"
"2026-05-08 06:22:28","24.5","A","Brooks Prescott","brooks.prescott@example.com","Pseudo VIP Discounted","Marlowe Ashcroft"
"2026-05-08 06:14:00","3.71","A","Marlowe Sinclair","marlowe.sinclair@example.net","Pseudo Coach VIP","Marlowe Ashcroft"
"2026-05-08 03:02:25","7.9","A","Harper Northcott","harper.northcott@example.org","Pseudo VIP Starter Rate","Marlowe Ashcroft"
"2026-05-07 23:54:02","29.5","A","Finley Hollister","finley.hollister@example.org","Pseudo VIP Mensual - (renovación)","Teagan Vandermeer"
"2026-05-07 17:17:06","29.5","A","Beatrix Northcott","beatrix.northcott@example.net","Pseudo VIP Mensual (renovación)","Marlowe Ashcroft"
"2026-05-07 16:33:20","24.5","A","Wesley Brennan","wesley.brennan@example.org","Pseudo VIP Discounted","Juniper Larkspur"
"2026-05-07 16:05:53","7.9","A","Verity Sterling","verity.sterling@example.net","Pseudo VIP Starter Rate","Marlowe Ashcroft"
"2026-05-07 13:46:03","29.5","A","Iris Lockhart","iris.lockhart@example.com","Pseudo VIP Mensual (renovación)","Juniper Larkspur"
"2026-05-07 13:07:48","29.5","A","Wesley Fitzgerald","wesley.fitzgerald@example.com","Pseudo VIP Mensual - (renovación)","Juniper Larkspur"
"2026-05-07 10:46:01","7.9","A","Juniper Northcott","juniper.northcott@example.net","Pseudo VIP Starter Rate","Marlowe Ashcroft"
"2026-05-07 07:47:53","7.9","A","Sutton Kingsley","sutton.kingsley@example.com","Pseudo VIP Starter Rate","Marlowe Ashcroft"
"2026-05-07 07:19:58","29.5","A","Clover Dunmore","clover.dunmore@example.com","Pseudo VIP Mensual - (renovación)","Marlowe Ashcroft"
"2026-05-07 02:03:40","4.95","A","Sloane Sinclair","sloane.sinclair@example.org","Pseudo Coach VIP","Marlowe Ashcroft"
"2026-05-07 02:00:37","24.5","A","Iris Trenholm","iris.trenholm@example.org","Pseudo VIP Discounted","Marlowe Ashcroft"
"2026-05-06 23:20:16","7.9","A","Clover Vandermeer","clover.vandermeer@example.org","Pseudo VIP Starter Rate","Marlowe Ashcroft"
"2026-05-06 23:05:43","7.9","A","Verity Granger","verity.granger@example.com","Pseudo VIP Starter Rate","Marlowe Ashcroft"
"2026-05-06 22:39:53","19.5","A","Wesley Fitzgerald","wesley.fitzgerald@example.org","Pseudo VIP Scholarship","Marlowe Ashcroft"
"2026-05-06 18:04:12","4.95","A","Tatum Quillon","tatum.quillon@example.com","Pseudo Coach VIP","Marlowe Ashcroft"
"2026-05-06 17:00:12","39.5","A","Sabine Lockhart","sabine.lockhart@example.net","Pseudo VIP Monthly","Marlowe Ashcroft"
"2026-05-06 14:18:48","15.19","A","Owen Ellsworth","owen.ellsworth@example.com","Pseudo VIP Discounted","Marlowe Ashcroft"
"2026-05-06 13:18:43","3.71","A","Anouk Kingsley","anouk.kingsley@example.net","Pseudo Coach VIP","Marlowe Ashcroft"
"2026-05-06 06:44:33","7.9","A","Hollis Ellsworth","hollis.ellsworth@example.org","Pseudo VIP Starter Rate","Marlowe Ashcroft"
"2026-05-06 03:48:31","39.5","A","Teagan Calloway","teagan.calloway@example.net","Pseudo VIP Monthly","Marlowe Ashcroft"
"2026-05-06 03:28:05","24.5","A","Declan Ravenscroft","declan.ravenscroft@example.net","Pseudo VIP Discounted","Juniper Larkspur"
"2026-05-05 22:00:12","24.5","A","Tatum Quillon","tatum.quillon@example.org","Pseudo VIP Discounted","Marlowe Ashcroft"
"2026-05-05 21:09:20","29.5","A","Jonah Yarrow","jonah.yarrow@example.org","Pseudo VIP Mensual (renovación)","Marlowe Ashcroft"
"2026-05-05 16:43:37","39.5","A","Silas Jessup","silas.jessup@example.net","Pseudo VIP Monthly","Teagan Vandermeer"
"2026-05-05 16:04:47","24.5","A","Declan Dunmore","declan.dunmore@example.net","Pseudo VIP Discounted","Marlowe Ashcroft"
"2026-05-05 14:39:05","29.5","A","Priya Lockhart","priya.lockhart@example.com","Pseudo VIP Mensual (renovación)","Marlowe Ashcroft"
"2026-05-05 13:10:13","4.95","A","Elliot Quillon","elliot.quillon@example.net","Pseudo Coach VIP","Iris Pemberton"
"2026-05-05 10:37:44","29.5","A","Tatum Kingsley","tatum.kingsley@example.org","Pseudo VIP Mensual - (renovación)","Marlowe Ashcroft"
"2026-05-05 04:59:29","29.5","A","Sawyer Merrick","sawyer.merrick@example.org","Pseudo VIP Mensual (renovación)","Nova Brennan"
"2026-05-05 02:31:00","14.87","A","Parker Calloway","parker.calloway@example.com","Pseudo Protein Blend","Marlowe Ashcroft"
"2026-05-04 21:26:58","29.5","A","Verity Kingsley","verity.kingsley@example.net","Pseudo VIP Mensual - (renovación)","Marlowe Ashcroft"
"2026-05-04 13:21:42","29.5","A","Zane Vandermeer","zane.vandermeer@example.net","Pseudo VIP Mensual - (renovación)","Marlowe Ashcroft"
"2026-05-04 11:40:34","4.95","A","Nolan Calloway","nolan.calloway@example.net","Pseudo Coach VIP","Teagan Vandermeer"
"2026-05-04 10:28:23","29.5","A","Mabel Ashcroft","mabel.ashcroft@example.com","Pseudo VIP Mensual (renovación)","Marlowe Ashcroft"
"2026-05-04 07:48:25","4.95","A","Jonah Fairbanks","jonah.fairbanks@example.org","Pseudo Coach VIP","Marlowe Ashcroft"
"2026-05-04 07:39:20","39.5","A","Harper Larkspur","harper.larkspur@example.org","Pseudo VIP Monthly","Rory Delacroix"
"2026-05-04 06:58:37","39.5","A","Nova Hollister","nova.hollister@example.com","Pseudo VIP Monthly","Marlowe Ashcroft"
"2026-05-04 04:57:59","24.5","A","Beatrix Merrick","beatrix.merrick@example.net","Pseudo VIP Discounted","Marlowe Ashcroft"
"2026-05-04 03:45:49","29.5","A","Sloane Kingsley","sloane.kingsley@example.org","Pseudo VIP Mensual - (renovación)","Teagan Vandermeer"
"2026-05-04 03:12:42","22.12","A","Esme Cartwright","esme.cartwright@example.com","Pseudo VIP Mensual - (renovación)","Marlowe Ashcroft"
"2026-05-03 21:00:00","87","A","Landon Thackeray","landon.thackeray@example.org","Pseudo Starter Program","Marlowe Ashcroft"
"2026-05-03 18:47:43","7.9","A","Wren Ellsworth","wren.ellsworth@example.net","Pseudo VIP Starter Rate","Marlowe Ashcroft"
"2026-05-03 17:03:14","29.5","A","Sawyer Delacroix","sawyer.delacroix@example.com","Pseudo VIP Mensual (renovación)","Rory Delacroix"
"2026-05-03 16:00:31","0","A","Rowan Kingsley","rowan.kingsley@example.com","Pseudo VIP Discounted","Marlowe Ashcroft"
"2026-05-03 15:36:58","19.5","A","Willa Calloway","willa.calloway@example.com","Pseudo VIP Scholarship","Marlowe Ashcroft"
"2026-05-03 10:43:17","39.5","A","Freya Whitfield","freya.whitfield@example.com","Pseudo VIP Monthly","Nova Brennan"
"2026-05-03 09:47:30","39.5","A","Mabel Radcliffe","mabel.radcliffe@example.org","Pseudo VIP Monthly","Marlowe Ashcroft"
"2026-05-03 06:06:00","19.5","A","Sawyer Radcliffe","sawyer.radcliffe@example.net","Pseudo VIP Scholarship","Nova Brennan"
"2026-05-03 06:00:00","7.5","A","Zane Northcott","zane.northcott@example.com","Pseudo Meal Guide","Marlowe Ashcroft"
"2026-05-03 04:41:29","39.5","A","Emerson Sterling","emerson.sterling@example.org","Pseudo VIP Monthly","Marlowe Ashcroft"
"2026-05-03 04:36:29","19.5","A","Wren Ainsworth","wren.ainsworth@example.com","Pseudo VIP Scholarship","Teagan Vandermeer"
"2026-05-03 04:10:18","29.5","A","Freya Radcliffe","freya.radcliffe@example.com","Pseudo VIP Mensual - (renovación)","Marlowe Ashcroft"
"2026-05-03 02:10:10","19.5","A","Iris Quillon","iris.quillon@example.com","Pseudo VIP Scholarship","Teagan Vandermeer"
"2026-05-03 00:33:53","22.12","A","Odette Prescott","odette.prescott@example.net","Pseudo VIP Mensual - (renovación)","Marlowe Ashcroft"
"2026-05-02 23:33:58","4.95","A","Finley Oakley","finley.oakley@example.com","Pseudo Coach VIP","Marlowe Ashcroft"
"2026-05-02 19:04:58","29.5","A","Finley Larkspur","finley.larkspur@example.com","Pseudo VIP Mensual (renovación)","Marlowe Ashcroft"
"2026-05-02 16:35:30","4.95","A","Rory Northcott","rory.northcott@example.net","Pseudo Coach VIP","Marlowe Ashcroft"
"2026-05-02 14:10:27","24.5","A","Vaughn Ainsworth","vaughn.ainsworth@example.net","Pseudo VIP Discounted","Juniper Larkspur"
"2026-05-02 12:21:08","4.95","A","Teagan Prescott","teagan.prescott@example.org","Pseudo Coach VIP","Marlowe Ashcroft"
"2026-05-02 11:49:23","29.5","A","Mabel Hollister","mabel.hollister@example.org","Pseudo VIP Mensual (renovación)","Marlowe Ashcroft"
"2026-05-02 09:57:50","0","A","Willa Wycliffe","willa.wycliffe@example.net","Pseudo VIP Mensual - (renovación)","Marlowe Ashcroft"
"2026-05-02 07:26:21","4.95","A","Harper Sterling","harper.sterling@example.net","Pseudo Coach VIP","Marlowe Ashcroft"
"2026-05-02 07:12:17","7.9","A","Iris Pemberton","iris.pemberton@example.org","Pseudo VIP Starter Rate","Rory Delacroix"
"2026-05-02 04:00:34","29.5","A","Iris Underwood","iris.underwood@example.org","Pseudo VIP Mensual - (renovación)","Juniper Larkspur"
"2026-05-02 00:55:51","7.9","A","Wren Sinclair","wren.sinclair@example.net","Pseudo VIP Starter Rate","Juniper Larkspur"
"2026-05-02 00:44:11","0","A","Zane Quillon","zane.quillon@example.net","Pseudo VIP Discounted","Teagan Vandermeer"
"2026-05-01 17:59:42","39.5","A","Esme Fitzgerald","esme.fitzgerald@example.org","Pseudo VIP Monthly","Marlowe Ashcroft"
"2026-05-01 17:47:50","24.5","A","Grayson Oakley","grayson.oakley@example.com","Pseudo VIP Discounted","Marlowe Ashcroft"
"2026-05-01 17:42:12","39.5","A","Wren Kingsley","wren.kingsley@example.com","Pseudo VIP Monthly","Marlowe Ashcroft"
"2026-05-01 12:35:04","29.5","A","Quinn Kingsley","quinn.kingsley@example.net","Pseudo VIP Mensual (renovación)","Marlowe Ashcroft"
"2026-05-01 11:20:40","29.5","A","Verity Quillon","verity.quillon@example.org","Pseudo VIP Mensual - (renovación)","Silas Oakley"
"2026-05-01 10:33:57","24.5","A","Everly Calloway","everly.calloway@example.org","Pseudo VIP Discounted","Silas Oakley"
"2026-05-01 04:31:37","29.5","A","Teagan Pemberton","teagan.pemberton@example.com","Pseudo VIP Mensual (renovación)","Marlowe Ashcroft"
"2026-05-01 01:40:32","29.5","A","Iris Whitfield","iris.whitfield@example.net","Pseudo VIP Mensual (renovación)","Rory Delacroix"
"2026-04-29 20:34:56","29.5","A","Emerson Whitfield","emerson.whitfield@example.net","Pseudo VIP Mensual (renovación)","Marlowe Ashcroft"
"2026-04-29 12:31:05","4.95","A","Sabine Quillon","sabine.quillon@example.org","Pseudo Coach VIP","Marlowe Ashcroft"
"2026-04-28 17:52:21","4.95","A","Wren Calloway","wren.calloway@example.org","Pseudo Coach VIP","Marlowe Ashcroft"
"2026-04-28 16:23:29","0","A","Odette Jessup","odette.jessup@example.net","Pseudo VIP Mensual - (renovación)","Hollis Trenholm"
"2026-04-28 15:44:33","4.95","A","Juniper Radcliffe","juniper.radcliffe@example.net","Pseudo Coach VIP","Rory Delacroix"
"2026-04-28 12:35:15","4.95","A","Mabel Dunmore","mabel.dunmore@example.com","Pseudo Coach VIP","Marlowe Ashcroft"
"2026-04-28 12:02:40","29.5","A","Emerson Hollister","emerson.hollister@example.org","Pseudo VIP Mensual (renovación)","Marlowe Ashcroft"
"2026-04-28 08:19:42","39.5","A","Clover Ravenscroft","clover.ravenscroft@example.net","Pseudo VIP Monthly","Marlowe Ashcroft"
"2026-04-28 05:09:37","0","A","Quinn Ravenscroft","quinn.ravenscroft@example.org","Pseudo VIP Mensual (renovación)","Iris Pemberton"
"2026-04-28 04:07:58","4.95","A","Marlowe Yarrow","marlowe.yarrow@example.com","Pseudo Coach VIP","Nova Brennan"
"2026-04-28 03:40:23","29.5","A","Nolan Ingram","nolan.ingram@example.org","Pseudo VIP Mensual - (renovación)","Nova Brennan"
"2026-04-28 01:13:50","39.5","A","Jonah Fitzgerald","jonah.fitzgerald@example.net","Pseudo VIP Monthly","Marlowe Ashcroft"
"2026-04-27 23:00:55","22.12","A","Silas Brennan","silas.brennan@example.com","Pseudo VIP Mensual - (renovación)","Marlowe Ashcroft"
"2026-04-27 17:01:21","0","A","Sloane Dunmore","sloane.dunmore@example.com","Pseudo Coach VIP","Marlowe Ashcroft"
"2026-04-27 15:47:35","7.9","A","Iris Ashcroft","iris.ashcroft@example.com","Pseudo VIP Starter Rate","Marlowe Ashcroft"
"2026-04-27 11:04:15","29.5","A","Nolan Larkspur","nolan.larkspur@example.com","Pseudo VIP Mensual (renovación)","Hollis Trenholm"
"2026-04-27 08:23:45","39.5","A","Wesley Thackeray","wesley.thackeray@example.org","Pseudo VIP Monthly","Marlowe Ashcroft"
"2026-04-27 04:24:32","7.9","A","Hayes Radcliffe","hayes.radcliffe@example.net","Pseudo VIP Starter Rate","Silas Oakley"
"2026-04-27 03:39:07","39.5","A","Verity Prescott","verity.prescott@example.org","Pseudo VIP Monthly","Hollis Trenholm"
"2026-04-27 00:07:22","24.5","A","Landon Fitzgerald","landon.fitzgerald@example.org","Pseudo VIP Discounted","Marlowe Ashcroft"
"2026-04-26 18:07:10","4.95","A","Clover Wycliffe","clover.wycliffe@example.com","Pseudo Coach VIP","Nova Brennan"
"2026-04-26 14:25:26","19.5","A","Harper Lockhart","harper.lockhart@example.net","Pseudo VIP Scholarship","Marlowe Ashcroft"
"2026-04-26 06:29:09","0","A","Juniper Wycliffe","juniper.wycliffe@example.org","Pseudo VIP Monthly","Marlowe Ashcroft"
"2026-04-26 05:29:08","19.5","A","Miles Larkspur","miles.larkspur@example.org","Pseudo VIP Scholarship","Marlowe Ashcroft"
"2026-04-26 01:56:00","14.87","A","Finley Northcott","finley.northcott@example.com","Pseudo Protein Blend","Marlowe Ashcroft"
"2026-04-25 08:37:00","0","A","Freya Brennan","freya.brennan@example.net","Pseudo VIP Discounted","Marlowe Ashcroft"
"2026-04-23 15:28:00","10.62","A","Iris Lockhart","iris.lockhart@example.org","Pseudo Hydration Mix","Marlowe Ashcroft"
"2026-04-22 03:40:00","8.49","A","Rosalind Montrose","rosalind.montrose@example.com","Pseudo Collagen Powder","Teagan Vandermeer"
"2026-04-17 11:37:54","39.5","A","Teagan Pemberton","teagan.pemberton@example.net","Pseudo VIP Monthly","Marlowe Ashcroft"
"2026-04-17 02:56:29","39.5","A","Maren Jessup","maren.jessup@example.net","Pseudo VIP Monthly","Marlowe Ashcroft"
"2026-04-16 17:39:24","19.5","A","Avery Vandermeer","avery.vandermeer@example.org","Pseudo VIP Scholarship","Teagan Vandermeer"
"2026-04-16 15:38:29","29.5","A","Thea Ravenscroft","thea.ravenscroft@example.com","Pseudo VIP Mensual - (renovación)","Marlowe Ashcroft"
"2026-04-16 15:22:00","22.12","A","Iris Kingsley","iris.kingsley@example.com","Pseudo VIP Mensual (renovación)","Marlowe Ashcroft"
"2026-04-16 12:11:25","24.5","A","Delaney Thackeray","delaney.thackeray@example.org","Pseudo VIP Discounted","Marlowe Ashcroft"
"2026-04-16 04:29:51","29.5","A","Rowan Calloway","rowan.calloway@example.com","Pseudo VIP Mensual (renovación)","Marlowe Ashcroft"
"2026-04-16 02:42:14","29.5","A","Reese Harrington","reese.harrington@example.net","Pseudo VIP Mensual - (renovación)","Marlowe Ashcroft"
"2026-04-15 23:26:53","4.95","A","Palmer Prescott","palmer.prescott@example.org","Pseudo Coach VIP","Marlowe Ashcroft"
"2026-04-15 22:47:15","39.5","A","Hollis Blackwood","hollis.blackwood@example.org","Pseudo VIP Monthly","Marlowe Ashcroft"
"2026-04-15 06:29:12","0","A","Sutton Oakley","sutton.oakley@example.org","Pseudo VIP Scholarship","Marlowe Ashcroft"
"2026-04-15 05:51:58","18.29","A","Zane Ravenscroft","zane.ravenscroft@example.com","Pseudo VIP Mensual - (renovación)","Teagan Vandermeer"
"2026-04-15 04:21:36","19.5","A","Camden Trenholm","camden.trenholm@example.com","Pseudo VIP Scholarship","Marlowe Ashcroft"
"2026-04-15 03:13:21","19.5","A","Declan Kingsley","declan.kingsley@example.org","Pseudo VIP Scholarship","Marlowe Ashcroft"
"2026-04-15 02:29:36","29.62","A","Hayes Delacroix","hayes.delacroix@example.org","Pseudo VIP Monthly","Marlowe Ashcroft"
"2026-04-15 00:43:58","0","A","Tatum Sinclair","tatum.sinclair@example.com","Pseudo Coach VIP","Juniper Larkspur"
"2026-04-14 22:46:51","24.5","A","Reese Quillon","reese.quillon@example.com","Pseudo VIP Discounted","Juniper Larkspur"
"2026-04-14 17:43:35","29.5","A","Miles Thackeray","miles.thackeray@example.com","Pseudo VIP Mensual (renovación)","Teagan Vandermeer"
"2026-04-14 09:51:36","29.62","A","Beatrix Radcliffe","beatrix.radcliffe@example.com","Pseudo VIP Monthly","Rory Delacroix"
"2026-04-14 04:37:49","29.5","A","Reese Hollister","reese.hollister@example.org","Pseudo VIP Mensual - (renovación)","Juniper Larkspur"
"2026-04-14 04:25:36","7.9","A","Sutton Calloway","sutton.calloway@example.net","Pseudo VIP Starter Rate","Marlowe Ashcroft"
"2026-04-14 02:54:22","19.5","A","Everly Pemberton","everly.pemberton@example.com","Pseudo VIP Scholarship","Marlowe Ashcroft"
"2026-04-14 01:43:34","4.95","A","Anouk Granger","anouk.granger@example.com","Pseudo Coach VIP","Marlowe Ashcroft"
"2026-04-13 22:34:51","39.5","A","Mabel Yarrow","mabel.yarrow@example.org","Pseudo VIP Monthly","Marlowe Ashcroft"
"2026-04-13 20:13:03","7.9","A","Teagan Merrick","teagan.merrick@example.com","Pseudo VIP Starter Rate","Marlowe Ashcroft"
"2026-04-13 13:43:25","29.5","A","Sawyer Ingram","sawyer.ingram@example.org","Pseudo VIP Mensual - (renovación)","Marlowe Ashcroft"
"2026-04-13 13:28:24","4.95","A","Willa Ravenscroft","willa.ravenscroft@example.org","Pseudo Coach VIP","Marlowe Ashcroft"
"2026-04-13 10:49:07","29.5","A","Beatrix Radcliffe","beatrix.radcliffe@example.org","Pseudo VIP Mensual (renovación)","Marlowe Ashcroft"
"2026-04-13 10:47:21","29.5","A","Palmer Brennan","palmer.brennan@example.org","Pseudo VIP Mensual - (renovación)","Rory Delacroix"
"2026-04-13 05:58:08","7.9","A","Everly Vandermeer","everly.vandermeer@example.net","Pseudo VIP Starter Rate","Silas Oakley"
"2026-04-13 05:03:50","7.9","A","Rory Granger","rory.granger@example.com","Pseudo VIP Starter Rate","Marlowe Ashcroft"
"2026-04-13 03:09:59","0","A","Freya Kingsley","freya.kingsley@example.net","Pseudo VIP Monthly","Marlowe Ashcroft"
"2026-04-13 00:46:20","19.5","A","Rowan Prescott","rowan.prescott@example.org","Pseudo VIP Scholarship","Marlowe Ashcroft"
"2026-04-12 23:34:54","29.5","A","Nolan Northcott","nolan.northcott@example.com","Pseudo VIP Mensual (renovación)","Marlowe Ashcroft"
"2026-04-12 21:58:35","39.5","A","Wesley Quillon","wesley.quillon@example.com","Pseudo VIP Monthly","Iris Pemberton"
"2026-04-12 21:38:07","19.5","A","Priya Dunmore","priya.dunmore@example.net","Pseudo VIP Scholarship","Marlowe Ashcroft"
"2026-04-12 17:37:24","19.5","A","Clover Winslow","clover.winslow@example.org","Pseudo VIP Scholarship","Marlowe Ashcroft"
"2026-04-12 16:37:13","0","A","Odette Montrose","odette.montrose@example.net","Pseudo VIP Scholarship","Marlowe Ashcroft"
"2026-04-12 15:50:29","7.9","A","Willa Quillon","willa.quillon@example.net","Pseudo VIP Starter Rate","Marlowe Ashcroft"
"2026-04-12 13:18:06","7.9","A","Marlowe Lockhart","marlowe.lockhart@example.net","Pseudo VIP Starter Rate","Marlowe Ashcroft"
"2026-04-12 13:00:35","39.5","A","Rosalind Wycliffe","rosalind.wycliffe@example.org","Pseudo VIP Monthly","Marlowe Ashcroft"
"2026-04-12 02:28:49","0","A","Iris Harrington","iris.harrington@example.com","Pseudo VIP Starter Rate","Rory Delacroix"
"2026-04-12 02:27:40","4.95","A","Sabine Ellsworth","sabine.ellsworth@example.com","Pseudo Coach VIP","Silas Oakley"
"2026-04-11 22:05:29","7.9","A","Maren Ravenscroft","maren.ravenscroft@example.org","Pseudo VIP Starter Rate","Marlowe Ashcroft"
"2026-04-11 20:35:58","4.95","A","Hayes Delacroix","hayes.delacroix@example.com","Pseudo Coach VIP","Marlowe Ashcroft"
"2026-04-11 19:40:07","29.5","A","Rory Fairbanks","rory.fairbanks@example.com","Pseudo VIP Mensual (renovación)","Marlowe Ashcroft"
"2026-04-11 19:31:22","29.5","A","Mabel Wycliffe","mabel.wycliffe@example.net","Pseudo VIP Mensual (renovación)","Marlowe Ashcroft"
"2026-04-11 14:24:16","29.5","A","Sawyer Cartwright","sawyer.cartwright@example.com","Pseudo VIP Mensual - (renovación)","Marlowe Ashcroft"
"2026-04-11 12:20:15","7.9","A","Blair Delacroix","blair.delacroix@example.net","Pseudo VIP Starter Rate","Marlowe Ashcroft"
"2026-04-11 12:01:32","0","A","Mabel Larkspur","mabel.larkspur@example.org","Pseudo VIP Monthly","Juniper Larkspur"
"2026-04-11 11:30:33","7.9","A","Landon Hollister","landon.hollister@example.com","Pseudo VIP Starter Rate","Juniper Larkspur"
"2026-04-11 11:29:52","7.9","A","Camden Radcliffe","camden.radcliffe@example.com","Pseudo VIP Starter Rate","Marlowe Ashcroft"
"2026-04-11 10:48:41","4.95","A","Sutton Prescott","sutton.prescott@example.org","Pseudo Coach VIP","Teagan Vandermeer"
"2026-04-11 10:04:23","29.5","A","Jonah Wycliffe","jonah.wycliffe@example.com","Pseudo VIP Mensual - (renovación)","Marlowe Ashcroft"
"2026-04-11 07:44:00","8.75","A","Sutton Fairbanks","sutton.fairbanks@example.com","Pseudo Creatine Scoop","Marlowe Ashcroft"
"2026-04-11 07:07:44","19.5","A","Hayes Granger","hayes.granger@example.org","Pseudo VIP Scholarship","Marlowe Ashcroft"
"2026-04-11 05:00:52","39.5","A","Linnea Merrick","linnea.merrick@example.net","Pseudo VIP Monthly","Juniper Larkspur"
"2026-04-11 04:08:49","7.9","A","Rory Sterling","rory.sterling@example.com","Pseudo VIP Starter Rate","Juniper Larkspur"
"2026-04-11 03:54:43","24.5","A","Wren Lockhart","wren.lockhart@example.com","Pseudo VIP Discounted","Marlowe Ashcroft"
"2026-04-10 22:46:25","0","A","Delaney Quillon","delaney.quillon@example.com","Pseudo VIP Discounted","Marlowe Ashcroft"
"2026-04-10 18:15:35","19.5","A","Parker Radcliffe","parker.radcliffe@example.com","Pseudo VIP Scholarship","Marlowe Ashcroft"
"2026-04-10 17:24:43","29.5","A","Clover Lockhart","clover.lockhart@example.org","Pseudo VIP Mensual (renovación)","Marlowe Ashcroft"
"2026-04-10 15:23:27","7.9","A","Zane Yarrow","zane.yarrow@example.com","Pseudo VIP Starter Rate","Marlowe Ashcroft"
"2026-04-10 07:10:32","29.5","A","Finley Sterling","finley.sterling@example.org","Pseudo VIP Mensual (renovación)","Marlowe Ashcroft"
"2026-04-10 05:39:49","4.95","A","Odette Calloway","odette.calloway@example.net","Pseudo Coach VIP","Marlowe Ashcroft"
"2026-04-10 04:16:54","29.5","A","Reese Trenholm","reese.trenholm@example.com","Pseudo VIP Mensual (renovación)","Teagan Vandermeer"
"2026-04-10 04:03:49","29.5","A","Juniper Pemberton","juniper.pemberton@example.com","Pseudo VIP Mensual - (renovación)","Marlowe Ashcroft"
"2026-04-10 03:00:00","7.5","A","Everly Montrose","everly.montrose@example.net","Pseudo Meal Guide","Iris Pemberton"
"2026-04-10 01:22:33","7.9","A","Rosalind Granger","rosalind.granger@example.net","Pseudo VIP Starter Rate","Marlowe Ashcroft"
"2026-04-10 00:06:06","39.5","A","Camden Wycliffe","camden.wycliffe@example.net","Pseudo VIP Monthly","Marlowe Ashcroft"
"2026-04-09 20:46:26","29.5","A","Rory Hollister","rory.hollister@example.net","Pseudo VIP Mensual (renovación)","Juniper Larkspur"
"2026-04-09 20:03:52","4.95","A","Landon Ashcroft","landon.ashcroft@example.net","Pseudo Coach VIP","Iris Pemberton"
"2026-04-09 14:05:38","7.9","A","Zane Ainsworth","zane.ainsworth@example.net","Pseudo VIP Starter Rate","Marlowe Ashcroft"
"2026-04-09 13:03:40","39.5","A","Clover Ellsworth","clover.ellsworth@example.net","Pseudo VIP Monthly","Marlowe Ashcroft"
"2026-04-09 07:12:40","0","A","Grayson Harrington","grayson.harrington@example.com","Pseudo VIP Scholarship","Marlowe Ashcroft"
"2026-04-09 06:48:10","4.95","A","Vaughn Blackwood","vaughn.blackwood@example.org","Pseudo Coach VIP","Marlowe Ashcroft"
"2026-04-09 02:32:40","0","A","Freya Ashcroft","freya.ashcroft@example.org","Pseudo VIP Monthly","Teagan Vandermeer"
"2026-04-09 02:04:19","7.9","A","Avery Brennan","avery.brennan@example.net","Pseudo VIP Starter Rate","Marlowe Ashcroft"
"2026-04-09 01:59:17","24.5","A","Keaton Thackeray","keaton.thackeray@example.com","Pseudo VIP Discounted","Hollis Trenholm"
"2026-04-09 01:13:23","29.5","A","Iris Lockhart","iris.lockhart@example.net","Pseudo VIP Mensual - (renovación)","Marlowe Ashcroft"
"2026-04-08 23:13:12","0","A","Keaton Winslow","keaton.winslow@example.net","Pseudo VIP Discounted","Marlowe Ashcroft"
"2026-04-08 22:47:06","29.5","A","Priya Whitfield","priya.whitfield@example.com","Pseudo VIP Mensual (renovación)","Marlowe Ashcroft"
"2026-04-08 19:29:28","24.5","A","Teagan Dunmore","teagan.dunmore@example.org","Pseudo VIP Discounted","Juniper Larkspur"
"2026-04-08 18:27:47","39.5","A","Sloane Ashcroft","sloane.ashcroft@example.com","Pseudo VIP Monthly","Juniper Larkspur"
"2026-04-08 09:28:00","24.5","A","Landon Sinclair","landon.sinclair@example.com","Pseudo VIP Discounted","Marlowe Ashcroft"
"2026-04-08 09:05:29","0","A","Anouk Ainsworth","anouk.ainsworth@example.com","Pseudo VIP Mensual (renovación)","Marlowe Ashcroft"
"2026-04-08 09:04:16","4.95","A","Willa Pemberton","willa.pemberton@example.net","Pseudo Coach VIP","Marlowe Ashcroft"
"2026-04-08 07:53:56","24.5","A","Palmer Ainsworth","palmer.ainsworth@example.com","Pseudo VIP Discounted","Marlowe Ashcroft"
"2026-04-08 07:24:33","24.5","A","Mabel Trenholm","mabel.trenholm@example.net","Pseudo VIP Discounted","Marlowe Ashcroft"
"2026-04-08 07:22:28","24.5","A","Brooks Prescott","brooks.prescott@example.com","Pseudo VIP Discounted","Marlowe Ashcroft"
"2026-04-08 04:56:00","4.95","A","Marlowe Sinclair","marlowe.sinclair@example.net","Pseudo Coach VIP","Marlowe Ashcroft"
"2026-04-08 02:30:25","7.9","A","Harper Northcott","harper.northcott@example.org","Pseudo VIP Starter Rate","Marlowe Ashcroft"
"2026-04-08 00:20:02","29.5","A","Finley Hollister","finley.hollister@example.org","Pseudo VIP Mensual - (renovación)","Teagan Vandermeer"
"2026-04-07 22:25:49","29.5","A","Sutton Blackwood","sutton.blackwood@example.com","Pseudo VIP Mensual - (renovación)","Marlowe Ashcroft"
"2026-04-07 16:24:06","29.5","A","Beatrix Northcott","beatrix.northcott@example.net","Pseudo VIP Mensual (renovación)","Marlowe Ashcroft"
"2026-04-07 15:45:20","24.5","A","Wesley Brennan","wesley.brennan@example.org","Pseudo VIP Discounted","Juniper Larkspur"
"2026-04-07 15:26:53","7.9","A","Verity Sterling","verity.sterling@example.net","Pseudo VIP Starter Rate","Marlowe Ashcroft"
"2026-04-07 15:12:03","29.5","A","Iris Lockhart","iris.lockhart@example.com","Pseudo VIP Mensual (renovación)","Juniper Larkspur"
"2026-04-07 12:05:48","29.5","A","Wesley Fitzgerald","wesley.fitzgerald@example.com","Pseudo VIP Mensual - (renovación)","Juniper Larkspur"
"2026-04-07 12:05:01","7.9","A","Juniper Northcott","juniper.northcott@example.net","Pseudo VIP Starter Rate","Marlowe Ashcroft"
"2026-04-07 09:10:53","7.9","A","Sutton Kingsley","sutton.kingsley@example.com","Pseudo VIP Starter Rate","Marlowe Ashcroft"
"2026-04-07 07:16:07","4.95","A","Anouk Ravenscroft","anouk.ravenscroft@example.com","Pseudo Coach VIP","Marlowe Ashcroft"
"2026-04-07 06:31:58","29.5","A","Clover Dunmore","clover.dunmore@example.com","Pseudo VIP Mensual - (renovación)","Marlowe Ashcroft"
"2026-04-07 03:08:40","4.95","A","Sloane Sinclair","sloane.sinclair@example.org","Pseudo Coach VIP","Marlowe Ashcroft"
"2026-04-07 01:18:37","24.5","A","Iris Trenholm","iris.trenholm@example.org","Pseudo VIP Discounted","Marlowe Ashcroft"
"2026-04-06 23:48:16","7.9","A","Clover Vandermeer","clover.vandermeer@example.org","Pseudo VIP Starter Rate","Marlowe Ashcroft"
"2026-04-06 23:07:53","19.5","A","Wesley Fitzgerald","wesley.fitzgerald@example.org","Pseudo VIP Scholarship","Marlowe Ashcroft"
"2026-04-06 22:20:43","7.9","A","Verity Granger","verity.granger@example.com","Pseudo VIP Starter Rate","Marlowe Ashcroft"
"2026-04-06 16:09:12","39.5","A","Sabine Lockhart","sabine.lockhart@example.net","Pseudo VIP Monthly","Marlowe Ashcroft"
"2026-04-06 15:42:48","15.19","A","Owen Ellsworth","owen.ellsworth@example.com","Pseudo VIP Discounted","Marlowe Ashcroft"
"2026-04-06 13:42:43","4.95","A","Anouk Kingsley","anouk.kingsley@example.net","Pseudo Coach VIP","Marlowe Ashcroft"
"2026-04-06 06:43:33","7.9","A","Hollis Ellsworth","hollis.ellsworth@example.org","Pseudo VIP Starter Rate","Marlowe Ashcroft"
"2026-04-06 04:25:05","24.5","A","Declan Ravenscroft","declan.ravenscroft@example.net","Pseudo VIP Discounted","Juniper Larkspur"
"2026-04-06 03:47:31","39.5","A","Teagan Calloway","teagan.calloway@example.net","Pseudo VIP Monthly","Marlowe Ashcroft"
"2026-04-05 21:03:20","29.5","A","Jonah Yarrow","jonah.yarrow@example.org","Pseudo VIP Mensual (renovación)","Marlowe Ashcroft"
"2026-04-05 20:34:12","24.5","A","Tatum Quillon","tatum.quillon@example.org","Pseudo VIP Discounted","Marlowe Ashcroft"
"2026-04-05 17:06:47","24.5","A","Declan Dunmore","declan.dunmore@example.net","Pseudo VIP Discounted","Marlowe Ashcroft"
"2026-04-05 15:47:37","39.5","A","Silas Jessup","silas.jessup@example.net","Pseudo VIP Monthly","Teagan Vandermeer"
"2026-04-05 14:18:13","4.95","A","Elliot Quillon","elliot.quillon@example.net","Pseudo Coach VIP","Iris Pemberton"
"2026-04-05 13:42:05","29.5","A","Priya Lockhart","priya.lockhart@example.com","Pseudo VIP Mensual (renovación)","Marlowe Ashcroft"
"2026-04-05 09:14:44","29.5","A","Tatum Kingsley","tatum.kingsley@example.org","Pseudo VIP Mensual - (renovación)","Marlowe Ashcroft"
"2026-04-05 05:52:29","29.5","A","Sawyer Merrick","sawyer.merrick@example.org","Pseudo VIP Mensual (renovación)","Nova Brennan"
"2026-04-05 05:27:34","19.5","A","Verity Ashcroft","verity.ashcroft@example.net","Pseudo VIP Scholarship","Marlowe Ashcroft"
"2026-04-04 20:33:58","29.5","A","Verity Kingsley","verity.kingsley@example.net","Pseudo VIP Mensual - (renovación)","Marlowe Ashcroft"
"2026-04-04 16:19:51","39.5","A","Harper Ellsworth","harper.ellsworth@example.net","Pseudo VIP Monthly","Marlowe Ashcroft"
"2026-04-04 12:39:42","29.5","A","Zane Vandermeer","zane.vandermeer@example.net","Pseudo VIP Mensual - (renovación)","Marlowe Ashcroft"
"2026-04-04 11:24:23","29.5","A","Mabel Ashcroft","mabel.ashcroft@example.com","Pseudo VIP Mensual (renovación)","Marlowe Ashcroft"
"2026-04-04 10:25:34","4.95","A","Nolan Calloway","nolan.calloway@example.net","Pseudo Coach VIP","Teagan Vandermeer"
"2026-04-04 08:52:20","39.5","A","Harper Larkspur","harper.larkspur@example.org","Pseudo VIP Monthly","Rory Delacroix"
"2026-04-04 08:24:25","4.95","A","Jonah Fairbanks","jonah.fairbanks@example.org","Pseudo Coach VIP","Marlowe Ashcroft"
"2026-04-04 05:43:37","39.5","A","Nova Hollister","nova.hollister@example.com","Pseudo VIP Monthly","Marlowe Ashcroft"
"2026-04-04 04:14:59","24.5","A","Beatrix Merrick","beatrix.merrick@example.net","Pseudo VIP Discounted","Marlowe Ashcroft"
"2026-04-04 03:26:49","29.5","A","Sloane Kingsley","sloane.kingsley@example.org","Pseudo VIP Mensual - (renovación)","Teagan Vandermeer"
"2026-04-04 03:17:42","29.5","A","Esme Cartwright","esme.cartwright@example.com","Pseudo VIP Mensual - (renovación)","Marlowe Ashcroft"
"2026-04-03 18:35:43","7.9","A","Wren Ellsworth","wren.ellsworth@example.net","Pseudo VIP Starter Rate","Marlowe Ashcroft"
"2026-04-03 16:03:31","0","A","Rowan Kingsley","rowan.kingsley@example.com","Pseudo VIP Discounted","Marlowe Ashcroft"
"2026-04-03 15:55:14","29.5","A","Sawyer Delacroix","sawyer.delacroix@example.com","Pseudo VIP Mensual (renovación)","Rory Delacroix"
"2026-04-03 15:10:58","19.5","A","Willa Calloway","willa.calloway@example.com","Pseudo VIP Scholarship","Marlowe Ashcroft"
"2026-04-03 10:14:32","29.5","A","Rosalind Ingram","rosalind.ingram@example.com","Pseudo VIP Mensual (renovación)","Marlowe Ashcroft"
"2026-04-03 09:56:17","39.5","A","Freya Whitfield","freya.whitfield@example.com","Pseudo VIP Monthly","Nova Brennan"
"2026-04-03 04:33:29","19.5","A","Wren Ainsworth","wren.ainsworth@example.com","Pseudo VIP Scholarship","Teagan Vandermeer"
"2026-04-03 03:15:29","39.5","A","Emerson Sterling","emerson.sterling@example.org","Pseudo VIP Monthly","Marlowe Ashcroft"
"2026-04-03 01:42:53","29.5","A","Odette Prescott","odette.prescott@example.net","Pseudo VIP Mensual - (renovación)","Marlowe Ashcroft"
"2026-04-02 22:32:58","4.95","A","Finley Oakley","finley.oakley@example.com","Pseudo Coach VIP","Marlowe Ashcroft"
"2026-04-02 18:24:58","29.5","A","Finley Larkspur","finley.larkspur@example.com","Pseudo VIP Mensual (renovación)","Marlowe Ashcroft"
"2026-04-02 16:42:30","4.95","A","Rory Northcott","rory.northcott@example.net","Pseudo Coach VIP","Marlowe Ashcroft"
"2026-04-02 15:30:27","24.5","A","Vaughn Ainsworth","vaughn.ainsworth@example.net","Pseudo VIP Discounted","Juniper Larkspur"
"2026-04-02 13:16:08","4.95","A","Teagan Prescott","teagan.prescott@example.org","Pseudo Coach VIP","Marlowe Ashcroft"
"2026-04-02 11:37:09","24.5","A","Tatum Fitzgerald","tatum.fitzgerald@example.net","Pseudo VIP Discounted","Marlowe Ashcroft"
"2026-04-02 10:30:23","29.5","A","Mabel Hollister","mabel.hollister@example.org","Pseudo VIP Mensual (renovación)","Marlowe Ashcroft"
"2026-04-02 09:33:00","14.87","A","Keaton Whitfield","keaton.whitfield@example.net","Pseudo Protein Blend","Marlowe Ashcroft"
"2026-04-02 08:33:50","0","A","Willa Wycliffe","willa.wycliffe@example.net","Pseudo VIP Mensual - (renovación)","Marlowe Ashcroft"
"2026-04-02 07:08:17","7.9","A","Iris Pemberton","iris.pemberton@example.org","Pseudo VIP Starter Rate","Rory Delacroix"
"2026-04-02 06:14:21","4.95","A","Harper Sterling","harper.sterling@example.net","Pseudo Coach VIP","Marlowe Ashcroft"
"2026-04-02 03:24:34","29.5","A","Iris Underwood","iris.underwood@example.org","Pseudo VIP Mensual - (renovación)","Juniper Larkspur"
"2026-04-02 00:31:11","0","A","Zane Quillon","zane.quillon@example.net","Pseudo VIP Discounted","Teagan Vandermeer"
"2026-04-02 00:00:00","87","A","Sloane Dunmore","sloane.dunmore@example.net","Pseudo Starter Program","Marlowe Ashcroft"
"2026-04-01 23:37:51","7.9","A","Wren Sinclair","wren.sinclair@example.net","Pseudo VIP Starter Rate","Juniper Larkspur"
"2026-04-01 18:10:50","24.5","A","Grayson Oakley","grayson.oakley@example.com","Pseudo VIP Discounted","Marlowe Ashcroft"
"2026-04-01 18:07:12","39.5","A","Wren Kingsley","wren.kingsley@example.com","Pseudo VIP Monthly","Marlowe Ashcroft"
"2026-04-01 17:21:42","39.5","A","Esme Fitzgerald","esme.fitzgerald@example.org","Pseudo VIP Monthly","Marlowe Ashcroft"
"2026-04-01 12:18:04","29.5","A","Quinn Kingsley","quinn.kingsley@example.net","Pseudo VIP Mensual (renovación)","Marlowe Ashcroft"
"2026-04-01 11:31:40","29.5","A","Verity Quillon","verity.quillon@example.org","Pseudo VIP Mensual - (renovación)","Silas Oakley"
"2026-04-01 09:51:57","24.5","A","Everly Calloway","everly.calloway@example.org","Pseudo VIP Discounted","Silas Oakley"
"2026-03-31 16:10:33","4.95","A","Juniper Radcliffe","juniper.radcliffe@example.net","Pseudo Coach VIP","Rory Delacroix"
"2026-03-30 16:00:00","20","A","Juniper Ravenscroft","juniper.ravenscroft@example.com","Pseudo 14-Day Reset","Marlowe Ashcroft"
"2026-03-30 12:58:00","14.87","A","Delaney Wycliffe","delaney.wycliffe@example.com","Pseudo Protein Blend","Marlowe Ashcroft"
"2026-03-30 12:16:40","29.5","A","Emerson Hollister","emerson.hollister@example.org","Pseudo VIP Mensual (renovación)","Marlowe Ashcroft"
"2026-03-29 06:32:37","0","A","Quinn Ravenscroft","quinn.ravenscroft@example.org","Pseudo VIP Mensual (renovación)","Iris Pemberton"
"2026-03-28 18:51:21","4.95","A","Wren Calloway","wren.calloway@example.org","Pseudo Coach VIP","Marlowe Ashcroft"
"2026-03-28 17:28:29","0","A","Odette Jessup","odette.jessup@example.net","Pseudo VIP Mensual - (renovación)","Hollis Trenholm"
"2026-03-28 14:16:13","4.95","A","Rosalind Ainsworth","rosalind.ainsworth@example.com","Pseudo Coach VIP","Marlowe Ashcroft"
"2026-03-28 07:24:42","39.5","A","Clover Ravenscroft","clover.ravenscroft@example.net","Pseudo VIP Monthly","Marlowe Ashcroft"
"2026-03-28 05:31:58","4.95","A","Marlowe Yarrow","marlowe.yarrow@example.com","Pseudo Coach VIP","Nova Brennan"
"2026-03-28 00:46:42","39.5","A","Camden Underwood","camden.underwood@example.com","Pseudo VIP Monthly","Marlowe Ashcroft"
"2026-03-27 22:55:55","22.12","A","Silas Brennan","silas.brennan@example.com","Pseudo VIP Mensual - (renovación)","Marlowe Ashcroft"
"2026-03-27 16:45:21","0","A","Sloane Dunmore","sloane.dunmore@example.com","Pseudo Coach VIP","Marlowe Ashcroft"
"2026-03-27 16:01:35","7.9","A","Iris Ashcroft","iris.ashcroft@example.com","Pseudo VIP Starter Rate","Marlowe Ashcroft"
"2026-03-27 11:09:15","29.5","A","Nolan Larkspur","nolan.larkspur@example.com","Pseudo VIP Mensual (renovación)","Hollis Trenholm"
"2026-03-27 09:30:45","39.5","A","Wesley Thackeray","wesley.thackeray@example.org","Pseudo VIP Monthly","Marlowe Ashcroft"
"2026-03-27 04:49:13","29.5","A","Jonah Radcliffe","jonah.radcliffe@example.net","Pseudo VIP Mensual - (renovación)","Marlowe Ashcroft"
"2026-03-27 04:30:32","7.9","A","Hayes Radcliffe","hayes.radcliffe@example.net","Pseudo VIP Starter Rate","Silas Oakley"
"2026-03-27 03:59:07","39.5","A","Verity Prescott","verity.prescott@example.org","Pseudo VIP Monthly","Hollis Trenholm"
"2026-03-26 23:54:22","24.5","A","Landon Fitzgerald","landon.fitzgerald@example.org","Pseudo VIP Discounted","Marlowe Ashcroft"
"2026-03-26 14:18:26","19.5","A","Harper Lockhart","harper.lockhart@example.net","Pseudo VIP Scholarship","Marlowe Ashcroft"
"2026-03-26 06:41:08","19.5","A","Miles Larkspur","miles.larkspur@example.org","Pseudo VIP Scholarship","Marlowe Ashcroft"
"2026-03-26 05:32:09","0","A","Juniper Wycliffe","juniper.wycliffe@example.org","Pseudo VIP Monthly","Marlowe Ashcroft"
"2026-03-25 08:10:00","0","A","Freya Brennan","freya.brennan@example.net","Pseudo VIP Discounted","Marlowe Ashcroft"
"2026-03-24 10:00:00","20","A","Elliot Ravenscroft","elliot.ravenscroft@example.net","Pseudo 14-Day Reset","Marlowe Ashcroft"
"2026-03-23 05:14:00","8.75","A","Willa Cartwright","willa.cartwright@example.com","Pseudo Creatine Scoop","Hollis Trenholm"
"2026-03-23 05:00:00","7.5","A","Blair Quillon","blair.quillon@example.net","Pseudo Meal Guide","Marlowe Ashcroft"
"2026-03-17 17:49:04","24.5","A","Rosalind Vandermeer","rosalind.vandermeer@example.org","Pseudo VIP Discounted","Iris Pemberton"
"2026-03-17 12:41:00","8.75","A","Brooks Ashcroft","brooks.ashcroft@example.com","Pseudo Creatine Scoop","Marlowe Ashcroft"
"2026-03-17 10:12:54","39.5","A","Teagan Pemberton","teagan.pemberton@example.net","Pseudo VIP Monthly","Marlowe Ashcroft"
"2026-03-17 01:31:29","39.5","A","Maren Jessup","maren.jessup@example.net","Pseudo VIP Monthly","Marlowe Ashcroft"
"2026-03-17 00:51:00","8.75","A","Emerson Fitzgerald","emerson.fitzgerald@example.net","Pseudo Creatine Scoop","Iris Pemberton"
"2026-03-16 16:20:29","29.5","A","Thea Ravenscroft","thea.ravenscroft@example.com","Pseudo VIP Mensual - (renovación)","Marlowe Ashcroft"
"2026-03-16 16:11:24","19.5","A","Avery Vandermeer","avery.vandermeer@example.org","Pseudo VIP Scholarship","Teagan Vandermeer"
"2026-03-16 14:50:00","29.5","A","Iris Kingsley","iris.kingsley@example.com","Pseudo VIP Mensual (renovación)","Marlowe Ashcroft"
"2026-03-16 13:06:25","24.5","A","Delaney Thackeray","delaney.thackeray@example.org","Pseudo VIP Discounted","Marlowe Ashcroft"
"2026-03-16 09:17:51","7.9","A","Odette Dunmore","odette.dunmore@example.org","Pseudo VIP Starter Rate","Marlowe Ashcroft"
"2026-03-16 02:54:14","29.5","A","Reese Harrington","reese.harrington@example.net","Pseudo VIP Mensual - (renovación)","Marlowe Ashcroft"
"2026-03-16 00:11:53","4.95","A","Palmer Prescott","palmer.prescott@example.org","Pseudo Coach VIP","Marlowe Ashcroft"
"2026-03-15 22:22:00","8.49","A","Wesley Dunmore","wesley.dunmore@example.net","Pseudo Collagen Powder","Teagan Vandermeer"
"2026-03-15 22:02:15","39.5","A","Hollis Blackwood","hollis.blackwood@example.org","Pseudo VIP Monthly","Marlowe Ashcroft"
"2026-03-15 05:01:58","29.5","A","Zane Ravenscroft","zane.ravenscroft@example.com","Pseudo VIP Mensual - (renovación)","Teagan Vandermeer"
"2026-03-15 03:57:21","19.5","A","Declan Kingsley","declan.kingsley@example.org","Pseudo VIP Scholarship","Marlowe Ashcroft"
"2026-03-15 03:28:36","19.5","A","Camden Trenholm","camden.trenholm@example.com","Pseudo VIP Scholarship","Marlowe Ashcroft"
"2026-03-15 02:58:36","39.5","A","Hayes Delacroix","hayes.delacroix@example.org","Pseudo VIP Monthly","Marlowe Ashcroft"
"2026-03-15 00:59:58","0","A","Tatum Sinclair","tatum.sinclair@example.com","Pseudo Coach VIP","Juniper Larkspur"
"2026-03-14 22:30:51","24.5","A","Reese Quillon","reese.quillon@example.com","Pseudo VIP Discounted","Juniper Larkspur"
"2026-03-14 18:52:35","29.5","A","Miles Thackeray","miles.thackeray@example.com","Pseudo VIP Mensual (renovación)","Teagan Vandermeer"
"2026-03-14 17:35:31","39.5","A","Willa Northcott","willa.northcott@example.org","Pseudo VIP Monthly","Marlowe Ashcroft"
"2026-03-14 11:01:18","39.5","A","Mabel Dunmore","mabel.dunmore@example.net","Pseudo VIP Monthly","Rory Delacroix"
"2026-03-14 10:18:36","39.5","A","Beatrix Radcliffe","beatrix.radcliffe@example.com","Pseudo VIP Monthly","Rory Delacroix"
"2026-03-14 09:55:00","10.62","A","Wesley Cartwright","wesley.cartwright@example.org","Pseudo Hydration Mix","Iris Pemberton"
"2026-03-14 08:17:36","24.5","A","Wren Whitfield","wren.whitfield@example.org","Pseudo VIP Discounted","Marlowe Ashcroft"
"2026-03-14 05:07:49","29.5","A","Reese Hollister","reese.hollister@example.org","Pseudo VIP Mensual - (renovación)","Juniper Larkspur"
"2026-03-14 03:18:22","19.5","A","Everly Pemberton","everly.pemberton@example.com","Pseudo VIP Scholarship","Marlowe Ashcroft"
"2026-03-14 03:03:36","7.9","A","Sutton Calloway","sutton.calloway@example.net","Pseudo VIP Starter Rate","Marlowe Ashcroft"
"2026-03-14 02:03:34","4.95","A","Anouk Granger","anouk.granger@example.com","Pseudo Coach VIP","Marlowe Ashcroft"
"2026-03-13 21:28:51","39.5","A","Mabel Yarrow","mabel.yarrow@example.org","Pseudo VIP Monthly","Marlowe Ashcroft"
"2026-03-13 20:11:03","7.9","A","Teagan Merrick","teagan.merrick@example.com","Pseudo VIP Starter Rate","Marlowe Ashcroft"
"2026-03-13 19:53:00","14.87","A","Jonah Delacroix","jonah.delacroix@example.org","Pseudo Protein Blend","Silas Oakley"
"2026-03-13 12:41:24","4.95","A","Willa Ravenscroft","willa.ravenscroft@example.org","Pseudo Coach VIP","Marlowe Ashcroft"
"2026-03-13 12:37:25","29.5","A","Sawyer Ingram","sawyer.ingram@example.org","Pseudo VIP Mensual - (renovación)","Marlowe Ashcroft"
"2026-03-13 09:38:21","29.5","A","Palmer Brennan","palmer.brennan@example.org","Pseudo VIP Mensual - (renovación)","Rory Delacroix"
"2026-03-13 07:11:08","7.9","A","Everly Vandermeer","everly.vandermeer@example.net","Pseudo VIP Starter Rate","Silas Oakley"
"2026-03-13 06:09:19","29.5","A","Odette Wycliffe","odette.wycliffe@example.org","Pseudo VIP Mensual (renovación)","Marlowe Ashcroft"
"2026-03-13 05:18:50","7.9","A","Rory Granger","rory.granger@example.com","Pseudo VIP Starter Rate","Marlowe Ashcroft"
"2026-03-12 23:06:07","19.5","A","Priya Dunmore","priya.dunmore@example.net","Pseudo VIP Scholarship","Marlowe Ashcroft"
"2026-03-12 23:02:35","39.5","A","Wesley Quillon","wesley.quillon@example.com","Pseudo VIP Monthly","Iris Pemberton"
"2026-03-12 22:09:54","29.5","A","Nolan Northcott","nolan.northcott@example.com","Pseudo VIP Mensual (renovación)","Marlowe Ashcroft"
"2026-03-12 17:34:24","19.5","A","Clover Winslow","clover.winslow@example.org","Pseudo VIP Scholarship","Marlowe Ashcroft"
"2026-03-12 17:32:13","0","A","Odette Montrose","odette.montrose@example.net","Pseudo VIP Scholarship","Marlowe Ashcroft"
"2026-03-12 17:11:29","7.9","A","Willa Quillon","willa.quillon@example.net","Pseudo VIP Starter Rate","Marlowe Ashcroft"
"2026-03-12 13:02:35","39.5","A","Rosalind Wycliffe","rosalind.wycliffe@example.org","Pseudo VIP Monthly","Marlowe Ashcroft"
"2026-03-12 02:22:49","0","A","Iris Harrington","iris.harrington@example.com","Pseudo VIP Starter Rate","Rory Delacroix"
"2026-03-12 01:04:40","4.95","A","Sabine Ellsworth","sabine.ellsworth@example.com","Pseudo Coach VIP","Silas Oakley"
"2026-03-11 21:05:07","29.5","A","Rory Fairbanks","rory.fairbanks@example.com","Pseudo VIP Mensual (renovación)","Marlowe Ashcroft"
"2026-03-11 20:42:29","7.9","A","Maren Ravenscroft","maren.ravenscroft@example.org","Pseudo VIP Starter Rate","Marlowe Ashcroft"
"2026-03-11 19:31:58","4.95","A","Hayes Delacroix","hayes.delacroix@example.com","Pseudo Coach VIP","Marlowe Ashcroft"
"2026-03-11 13:36:05","7.9","A","Parker Ainsworth","parker.ainsworth@example.net","Pseudo VIP Starter Rate","Marlowe Ashcroft"
"2026-03-11 12:47:15","7.9","A","Blair Delacroix","blair.delacroix@example.net","Pseudo VIP Starter Rate","Marlowe Ashcroft"
"2026-03-11 12:44:32","0","A","Mabel Larkspur","mabel.larkspur@example.org","Pseudo VIP Monthly","Juniper Larkspur"
"2026-03-11 11:30:52","7.9","A","Camden Radcliffe","camden.radcliffe@example.com","Pseudo VIP Starter Rate","Marlowe Ashcroft"
"2026-03-11 10:43:23","29.5","A","Jonah Wycliffe","jonah.wycliffe@example.com","Pseudo VIP Mensual - (renovación)","Marlowe Ashcroft"
"2026-03-11 10:02:33","7.9","A","Landon Hollister","landon.hollister@example.com","Pseudo VIP Starter Rate","Juniper Larkspur"
"2026-03-11 09:18:41","4.95","A","Sutton Prescott","sutton.prescott@example.org","Pseudo Coach VIP","Teagan Vandermeer"
"2026-03-11 07:52:44","19.5","A","Hayes Granger","hayes.granger@example.org","Pseudo VIP Scholarship","Marlowe Ashcroft"
"2026-03-11 07:44:13","39.5","A","Tatum Radcliffe","tatum.radcliffe@example.org","Pseudo VIP Monthly","Nova Brennan"
"2026-03-11 05:11:52","39.5","A","Linnea Merrick","linnea.merrick@example.net","Pseudo VIP Monthly","Juniper Larkspur"
"2026-03-11 04:21:49","7.9","A","Rory Sterling","rory.sterling@example.com","Pseudo VIP Starter Rate","Juniper Larkspur"
"2026-03-11 03:44:43","24.5","A","Wren Lockhart","wren.lockhart@example.com","Pseudo VIP Discounted","Marlowe Ashcroft"
"2026-03-10 21:34:25","0","A","Delaney Quillon","delaney.quillon@example.com","Pseudo VIP Discounted","Marlowe Ashcroft"
"2026-03-10 16:55:35","19.5","A","Parker Radcliffe","parker.radcliffe@example.com","Pseudo VIP Scholarship","Marlowe Ashcroft"
"2026-03-10 16:43:43","29.5","A","Clover Lockhart","clover.lockhart@example.org","Pseudo VIP Mensual (renovación)","Marlowe Ashcroft"
"2026-03-10 15:07:27","7.9","A","Zane Yarrow","zane.yarrow@example.com","Pseudo VIP Starter Rate","Marlowe Ashcroft"
"2026-03-10 05:58:32","29.5","A","Finley Sterling","finley.sterling@example.org","Pseudo VIP Mensual (renovación)","Marlowe Ashcroft"
"2026-03-10 05:06:54","29.5","A","Reese Trenholm","reese.trenholm@example.com","Pseudo VIP Mensual (renovación)","Teagan Vandermeer"
"2026-03-10 05:05:49","4.95","A","Odette Calloway","odette.calloway@example.net","Pseudo Coach VIP","Marlowe Ashcroft"
"2026-03-10 01:42:33","7.9","A","Rosalind Granger","rosalind.granger@example.net","Pseudo VIP Starter Rate","Marlowe Ashcroft"
"2026-03-10 00:55:06","39.5","A","Camden Wycliffe","camden.wycliffe@example.net","Pseudo VIP Monthly","Marlowe Ashcroft"
"2026-03-09 22:45:00","10.62","A","Sutton Ingram","sutton.ingram@example.com","Pseudo Hydration Mix","Marlowe Ashcroft"
"2026-03-09 19:10:52","4.95","A","Landon Ashcroft","landon.ashcroft@example.net","Pseudo Coach VIP","Iris Pemberton"
"2026-03-09 15:35:38","7.9","A","Zane Ainsworth","zane.ainsworth@example.net","Pseudo VIP Starter Rate","Marlowe Ashcroft"
"2026-03-09 13:42:40","39.5","A","Clover Ellsworth","clover.ellsworth@example.net","Pseudo VIP Monthly","Marlowe Ashcroft"
"2026-03-09 07:11:10","4.95","A","Vaughn Blackwood","vaughn.blackwood@example.org","Pseudo Coach VIP","Marlowe Ashcroft"
"2026-03-09 07:09:40","0","A","Grayson Harrington","grayson.harrington@example.com","Pseudo VIP Scholarship","Marlowe Ashcroft"
"2026-03-09 03:59:40","0","A","Freya Ashcroft","freya.ashcroft@example.org","Pseudo VIP Monthly","Teagan Vandermeer"
"2026-03-09 03:01:17","24.5","A","Keaton Thackeray","keaton.thackeray@example.com","Pseudo VIP Discounted","Hollis Trenholm"
"2026-03-09 02:52:19","7.9","A","Avery Brennan","avery.brennan@example.net","Pseudo VIP Starter Rate","Marlowe Ashcroft"
"2026-03-09 02:04:23","29.5","A","Iris Lockhart","iris.lockhart@example.net","Pseudo VIP Mensual - (renovación)","Marlowe Ashcroft"
"2026-03-09 00:13:12","0","A","Keaton Winslow","keaton.winslow@example.net","Pseudo VIP Discounted","Marlowe Ashcroft"
"2026-03-08 19:40:47","39.5","A","Sloane Ashcroft","sloane.ashcroft@example.com","Pseudo VIP Monthly","Juniper Larkspur"
"2026-03-08 18:52:59","24.5","A","Anouk Pemberton","anouk.pemberton@example.org","Pseudo VIP Discounted","Teagan Vandermeer"
"2026-03-08 14:49:58","4.95","A","Zane Larkspur","zane.larkspur@example.net","Pseudo Coach VIP","Nova Brennan"
"2026-03-08 08:11:00","24.5","A","Landon Sinclair","landon.sinclair@example.com","Pseudo VIP Discounted","Marlowe Ashcroft"
"2026-03-08 07:54:29","0","A","Anouk Ainsworth","anouk.ainsworth@example.com","Pseudo VIP Mensual (renovación)","Marlowe Ashcroft"
"2026-03-08 07:50:16","4.95","A","Willa Pemberton","willa.pemberton@example.net","Pseudo Coach VIP","Marlowe Ashcroft"
"2026-03-08 07:26:33","24.5","A","Mabel Trenholm","mabel.trenholm@example.net","Pseudo VIP Discounted","Marlowe Ashcroft"
"2026-03-08 07:21:56","24.5","A","Palmer Ainsworth","palmer.ainsworth@example.com","Pseudo VIP Discounted","Marlowe Ashcroft"
"2026-03-08 05:59:00","4.95","A","Marlowe Sinclair","marlowe.sinclair@example.net","Pseudo Coach VIP","Marlowe Ashcroft"
"2026-03-08 05:52:28","24.5","A","Brooks Prescott","brooks.prescott@example.com","Pseudo VIP Discounted","Marlowe Ashcroft"
"2026-03-08 02:11:25","7.9","A","Harper Northcott","harper.northcott@example.org","Pseudo VIP Starter Rate","Marlowe Ashcroft"
"2026-03-07 23:29:02","29.5","A","Finley Hollister","finley.hollister@example.org","Pseudo VIP Mensual - (renovación)","Teagan Vandermeer"
"2026-03-07 23:01:49","29.5","A","Sutton Blackwood","sutton.blackwood@example.com","Pseudo VIP Mensual - (renovación)","Marlowe Ashcroft"
"2026-03-07 16:01:06","29.5","A","Beatrix Northcott","beatrix.northcott@example.net","Pseudo VIP Mensual (renovación)","Marlowe Ashcroft"
"2026-03-07 14:50:20","24.5","A","Wesley Brennan","wesley.brennan@example.org","Pseudo VIP Discounted","Juniper Larkspur"
"2026-03-07 14:16:03","29.5","A","Iris Lockhart","iris.lockhart@example.com","Pseudo VIP Mensual (renovación)","Juniper Larkspur"
"2026-03-07 11:22:48","29.5","A","Wesley Fitzgerald","wesley.fitzgerald@example.com","Pseudo VIP Mensual - (renovación)","Juniper Larkspur"
"2026-03-07 09:54:53","7.9","A","Sutton Kingsley","sutton.kingsley@example.com","Pseudo VIP Starter Rate","Marlowe Ashcroft"
"2026-03-07 06:08:58","29.5","A","Clover Dunmore","clover.dunmore@example.com","Pseudo VIP Mensual - (renovación)","Marlowe Ashcroft"
"2026-03-07 05:53:07","4.95","A","Anouk Ravenscroft","anouk.ravenscroft@example.com","Pseudo Coach VIP","Marlowe Ashcroft"
"2026-03-07 00:28:16","7.9","A","Clover Vandermeer","clover.vandermeer@example.org","Pseudo VIP Starter Rate","Marlowe Ashcroft"
"2026-03-06 23:27:53","19.5","A","Wesley Fitzgerald","wesley.fitzgerald@example.org","Pseudo VIP Scholarship","Marlowe Ashcroft"
"2026-03-06 14:20:48","24.5","A","Owen Ellsworth","owen.ellsworth@example.com","Pseudo VIP Discounted","Marlowe Ashcroft"
"2026-03-06 12:45:43","4.95","A","Anouk Kingsley","anouk.kingsley@example.net","Pseudo Coach VIP","Marlowe Ashcroft"
"2026-03-06 07:09:33","7.9","A","Hollis Ellsworth","hollis.ellsworth@example.org","Pseudo VIP Starter Rate","Marlowe Ashcroft"
"2026-03-06 05:01:31","39.5","A","Teagan Calloway","teagan.calloway@example.net","Pseudo VIP Monthly","Marlowe Ashcroft"
"2026-03-06 04:56:05","24.5","A","Declan Ravenscroft","declan.ravenscroft@example.net","Pseudo VIP Discounted","Juniper Larkspur"
"2026-03-05 22:01:12","24.5","A","Tatum Quillon","tatum.quillon@example.org","Pseudo VIP Discounted","Marlowe Ashcroft"
"2026-03-05 19:36:20","29.5","A","Jonah Yarrow","jonah.yarrow@example.org","Pseudo VIP Mensual (renovación)","Marlowe Ashcroft"
"2026-03-05 17:46:47","24.5","A","Declan Dunmore","declan.dunmore@example.net","Pseudo VIP Discounted","Marlowe Ashcroft"
"2026-03-05 15:08:37","39.5","A","Silas Jessup","silas.jessup@example.net","Pseudo VIP Monthly","Teagan Vandermeer"
"2026-03-05 14:57:05","29.5","A","Priya Lockhart","priya.lockhart@example.com","Pseudo VIP Mensual (renovación)","Marlowe Ashcroft"
"2026-03-05 11:24:00","8.49","A","Hayes Fitzgerald","hayes.fitzgerald@example.org","Pseudo Collagen Powder","Marlowe Ashcroft"
"2026-03-05 09:43:44","29.5","A","Tatum Kingsley","tatum.kingsley@example.org","Pseudo VIP Mensual - (renovación)","Marlowe Ashcroft"
"2026-03-05 07:31:20","19.5","A","Declan Ashcroft","declan.ashcroft@example.com","Pseudo VIP Scholarship","Hollis Trenholm"
"2026-03-05 05:32:29","29.5","A","Sawyer Merrick","sawyer.merrick@example.org","Pseudo VIP Mensual (renovación)","Nova Brennan"
"2026-03-05 05:13:34","19.5","A","Verity Ashcroft","verity.ashcroft@example.net","Pseudo VIP Scholarship","Marlowe Ashcroft"
"2026-03-05 02:13:00","10.62","A","Brooks Trenholm","brooks.trenholm@example.com","Pseudo Hydration Mix","Marlowe Ashcroft"
"2026-03-05 01:31:38","29.5","A","Miles Underwood","miles.underwood@example.com","Pseudo VIP Mensual (renovación)","Marlowe Ashcroft"
"2026-03-04 20:57:23","29.5","A","Nolan Hollister","nolan.hollister@example.org","Pseudo VIP Mensual (renovación)","Juniper Larkspur"
"2026-03-04 19:34:58","29.5","A","Verity Kingsley","verity.kingsley@example.net","Pseudo VIP Mensual - (renovación)","Marlowe Ashcroft"
"2026-03-04 15:25:51","39.5","A","Harper Ellsworth","harper.ellsworth@example.net","Pseudo VIP Monthly","Marlowe Ashcroft"
"2026-03-04 11:50:23","29.5","A","Mabel Ashcroft","mabel.ashcroft@example.com","Pseudo VIP Mensual (renovación)","Marlowe Ashcroft"
"2026-03-04 11:24:42","29.5","A","Zane Vandermeer","zane.vandermeer@example.net","Pseudo VIP Mensual - (renovación)","Marlowe Ashcroft"
"2026-03-04 09:08:34","4.95","A","Nolan Calloway","nolan.calloway@example.net","Pseudo Coach VIP","Teagan Vandermeer"
"2026-03-04 08:48:25","4.95","A","Jonah Fairbanks","jonah.fairbanks@example.org","Pseudo Coach VIP","Marlowe Ashcroft"
"2026-03-04 06:50:37","39.5","A","Nova Hollister","nova.hollister@example.com","Pseudo VIP Monthly","Marlowe Ashcroft"
"2026-03-04 03:50:42","29.5","A","Esme Cartwright","esme.cartwright@example.com","Pseudo VIP Mensual - (renovación)","Marlowe Ashcroft"
"2026-03-04 02:58:49","29.5","A","Sloane Kingsley","sloane.kingsley@example.org","Pseudo VIP Mensual - (renovación)","Teagan Vandermeer"
"2026-03-03 17:17:14","29.5","A","Sawyer Delacroix","sawyer.delacroix@example.com","Pseudo VIP Mensual (renovación)","Rory Delacroix"
"2026-03-03 15:59:31","0","A","Rowan Kingsley","rowan.kingsley@example.com","Pseudo VIP Discounted","Marlowe Ashcroft"
"2026-03-03 14:01:58","19.5","A","Willa Calloway","willa.calloway@example.com","Pseudo VIP Scholarship","Marlowe Ashcroft"
"2026-03-03 09:54:32","29.5","A","Rosalind Ingram","rosalind.ingram@example.com","Pseudo VIP Mensual (renovación)","Marlowe Ashcroft"
"2026-03-03 08:57:17","39.5","A","Freya Whitfield","freya.whitfield@example.com","Pseudo VIP Monthly","Nova Brennan"
"2026-03-03 03:17:29","19.5","A","Wren Ainsworth","wren.ainsworth@example.com","Pseudo VIP Scholarship","Teagan Vandermeer"
"2026-03-03 00:44:53","29.5","A","Odette Prescott","odette.prescott@example.net","Pseudo VIP Mensual - (renovación)","Marlowe Ashcroft"
"2026-03-02 17:20:58","29.5","A","Finley Larkspur","finley.larkspur@example.com","Pseudo VIP Mensual (renovación)","Marlowe Ashcroft"
"2026-03-02 16:35:27","24.5","A","Vaughn Ainsworth","vaughn.ainsworth@example.net","Pseudo VIP Discounted","Juniper Larkspur"
"2026-03-02 13:51:25","24.5","A","Juniper Kingsley","juniper.kingsley@example.com","Pseudo VIP Discounted","Hollis Trenholm"
"2026-03-02 11:42:09","24.5","A","Tatum Fitzgerald","tatum.fitzgerald@example.net","Pseudo VIP Discounted","Marlowe Ashcroft"
"2026-03-02 09:41:23","29.5","A","Mabel Hollister","mabel.hollister@example.org","Pseudo VIP Mensual (renovación)","Marlowe Ashcroft"
"2026-03-02 08:02:50","0","A","Willa Wycliffe","willa.wycliffe@example.net","Pseudo VIP Mensual - (renovación)","Marlowe Ashcroft"
"2026-03-02 04:51:21","4.95","A","Harper Sterling","harper.sterling@example.net","Pseudo Coach VIP","Marlowe Ashcroft"
"2026-03-02 04:48:34","29.5","A","Iris Underwood","iris.underwood@example.org","Pseudo VIP Mensual - (renovación)","Juniper Larkspur"
"2026-03-02 00:54:11","0","A","Zane Quillon","zane.quillon@example.net","Pseudo VIP Discounted","Teagan Vandermeer"
"2026-03-02 00:44:51","7.9","A","Wren Sinclair","wren.sinclair@example.net","Pseudo VIP Starter Rate","Juniper Larkspur"
"2026-03-01 19:06:12","39.5","A","Wren Kingsley","wren.kingsley@example.com","Pseudo VIP Monthly","Marlowe Ashcroft"
"2026-03-01 18:08:50","24.5","A","Grayson Oakley","grayson.oakley@example.com","Pseudo VIP Discounted","Marlowe Ashcroft"
"2026-03-01 16:51:42","39.5","A","Esme Fitzgerald","esme.fitzgerald@example.org","Pseudo VIP Monthly","Marlowe Ashcroft"
"2026-03-01 15:10:00","10.62","A","Hollis Whitfield","hollis.whitfield@example.org","Pseudo Hydration Mix","Silas Oakley"
"2026-03-01 10:59:40","29.5","A","Verity Quillon","verity.quillon@example.org","Pseudo VIP Mensual - (renovación)","Silas Oakley"
"2026-03-01 08:45:57","24.5","A","Everly Calloway","everly.calloway@example.org","Pseudo VIP Discounted","Silas Oakley"
"2026-02-28 18:19:18","29.5","A","Wren Ainsworth","wren.ainsworth@example.org","Pseudo VIP Mensual (renovación)","Rory Delacroix"
"2026-02-28 17:24:21","4.95","A","Wren Calloway","wren.calloway@example.org","Pseudo Coach VIP","Marlowe Ashcroft"
"2026-02-28 17:12:29","0","A","Odette Jessup","odette.jessup@example.net","Pseudo VIP Mensual - (renovación)","Hollis Trenholm"
"2026-02-28 16:51:10","19.5","A","Juniper Fitzgerald","juniper.fitzgerald@example.net","Pseudo VIP Scholarship","Marlowe Ashcroft"
"2026-02-28 15:27:13","4.95","A","Rosalind Ainsworth","rosalind.ainsworth@example.com","Pseudo Coach VIP","Marlowe Ashcroft"
"2026-02-28 06:05:42","39.5","A","Clover Ravenscroft","clover.ravenscroft@example.net","Pseudo VIP Monthly","Marlowe Ashcroft"
"2026-02-28 05:00:58","4.95","A","Marlowe Yarrow","marlowe.yarrow@example.com","Pseudo Coach VIP","Nova Brennan"
"2026-02-28 01:39:42","39.5","A","Camden Underwood","camden.underwood@example.com","Pseudo VIP Monthly","Marlowe Ashcroft"
"2026-02-27 22:59:55","29.5","A","Silas Brennan","silas.brennan@example.com","Pseudo VIP Mensual - (renovación)","Marlowe Ashcroft"
"2026-02-27 15:30:21","0","A","Sloane Dunmore","sloane.dunmore@example.com","Pseudo Coach VIP","Marlowe Ashcroft"
"2026-02-27 14:41:35","7.9","A","Iris Ashcroft","iris.ashcroft@example.com","Pseudo VIP Starter Rate","Marlowe Ashcroft"
"2026-02-27 09:55:15","29.5","A","Nolan Larkspur","nolan.larkspur@example.com","Pseudo VIP Mensual (renovación)","Hollis Trenholm"
"2026-02-27 08:12:45","39.5","A","Wesley Thackeray","wesley.thackeray@example.org","Pseudo VIP Monthly","Marlowe Ashcroft"
"2026-02-27 05:30:13","29.5","A","Jonah Radcliffe","jonah.radcliffe@example.net","Pseudo VIP Mensual - (renovación)","Marlowe Ashcroft"
"2026-02-27 05:03:07","39.5","A","Verity Prescott","verity.prescott@example.org","Pseudo VIP Monthly","Hollis Trenholm"
"2026-02-27 00:36:22","24.5","A","Landon Fitzgerald","landon.fitzgerald@example.org","Pseudo VIP Discounted","Marlowe Ashcroft"
"2026-02-26 17:56:00","10.62","A","Jonah Delacroix","jonah.delacroix@example.org","Pseudo Hydration Mix","Silas Oakley"
"2026-02-26 14:39:26","19.5","A","Harper Lockhart","harper.lockhart@example.net","Pseudo VIP Scholarship","Marlowe Ashcroft"
"2026-02-26 05:55:08","19.5","A","Miles Larkspur","miles.larkspur@example.org","Pseudo VIP Scholarship","Marlowe Ashcroft"
"2026-02-26 05:50:09","0","A","Juniper Wycliffe","juniper.wycliffe@example.org","Pseudo VIP Monthly","Marlowe Ashcroft"
"2026-02-25 09:33:00","0","A","Freya Brennan","freya.brennan@example.net","Pseudo VIP Discounted","Marlowe Ashcroft"
"2026-02-24 23:00:00","7.5","A","Harper Ashcroft","harper.ashcroft@example.com","Pseudo Meal Guide","Marlowe Ashcroft"
"2026-02-24 07:33:00","8.75","A","Esme Kingsley","esme.kingsley@example.net","Pseudo Creatine Scoop","Teagan Vandermeer"
"2026-02-21 18:06:00","10.62","A","Wesley Cartwright","wesley.cartwright@example.org","Pseudo Hydration Mix","Iris Pemberton"
"2026-02-17 16:34:04","24.5","A","Rosalind Vandermeer","rosalind.vandermeer@example.org","Pseudo VIP Discounted","Iris Pemberton"
"2026-02-17 08:26:00","8.49","A","Iris Lockhart","iris.lockhart@example.org","Pseudo Collagen Powder","Marlowe Ashcroft"
"2026-02-16 16:42:24","19.5","A","Avery Vandermeer","avery.vandermeer@example.org","Pseudo VIP Scholarship","Teagan Vandermeer"
"2026-02-16 16:16:00","29.5","A","Iris Kingsley","iris.kingsley@example.com","Pseudo VIP Mensual (renovación)","Marlowe Ashcroft"
"2026-02-16 13:37:25","24.5","A","Delaney Thackeray","delaney.thackeray@example.org","Pseudo VIP Discounted","Marlowe Ashcroft"
"2026-02-16 10:18:51","7.9","A","Odette Dunmore","odette.dunmore@example.org","Pseudo VIP Starter Rate","Marlowe Ashcroft"
"2026-02-16 06:14:00","8.49","A","Odette Merrick","odette.merrick@example.net","Pseudo Collagen Powder","Marlowe Ashcroft"
"2026-02-16 01:42:14","29.5","A","Reese Harrington","reese.harrington@example.net","Pseudo VIP Mensual - (renovación)","Marlowe Ashcroft"
"2026-02-15 22:31:15","39.5","A","Hollis Blackwood","hollis.blackwood@example.org","Pseudo VIP Monthly","Marlowe Ashcroft"
"2026-02-15 04:12:58","29.5","A","Zane Ravenscroft","zane.ravenscroft@example.com","Pseudo VIP Mensual - (renovación)","Teagan Vandermeer"
"2026-02-15 03:08:36","39.5","A","Hayes Delacroix","hayes.delacroix@example.org","Pseudo VIP Monthly","Marlowe Ashcroft"
"2026-02-15 01:29:58","0","A","Tatum Sinclair","tatum.sinclair@example.com","Pseudo Coach VIP","Juniper Larkspur"
"2026-02-14 23:20:51","24.5","A","Reese Quillon","reese.quillon@example.com","Pseudo VIP Discounted","Juniper Larkspur"
"2026-02-14 17:50:35","29.5","A","Miles Thackeray","miles.thackeray@example.com","Pseudo VIP Mensual (renovación)","Teagan Vandermeer"
"2026-02-14 16:35:31","39.5","A","Willa Northcott","willa.northcott@example.org","Pseudo VIP Monthly","Marlowe Ashcroft"
"2026-02-14 14:52:00","8.49","A","Vaughn Jessup","vaughn.jessup@example.com","Pseudo Collagen Powder","Silas Oakley"
"2026-02-14 10:37:36","39.5","A","Beatrix Radcliffe","beatrix.radcliffe@example.com","Pseudo VIP Monthly","Rory Delacroix"
"2026-02-14 10:25:18","39.5","A","Mabel Dunmore","mabel.dunmore@example.net","Pseudo VIP Monthly","Rory Delacroix"
"2026-02-14 08:50:36","24.5","A","Wren Whitfield","wren.whitfield@example.org","Pseudo VIP Discounted","Marlowe Ashcroft"
"2026-02-14 05:02:49","29.5","A","Reese Hollister","reese.hollister@example.org","Pseudo VIP Mensual - (renovación)","Juniper Larkspur"
"2026-02-14 03:13:34","4.95","A","Anouk Granger","anouk.granger@example.com","Pseudo Coach VIP","Marlowe Ashcroft"
"2026-02-13 21:16:03","7.9","A","Teagan Merrick","teagan.merrick@example.com","Pseudo VIP Starter Rate","Marlowe Ashcroft"
"2026-02-13 12:18:25","29.5","A","Sawyer Ingram","sawyer.ingram@example.org","Pseudo VIP Mensual - (renovación)","Marlowe Ashcroft"
"2026-02-13 07:52:08","7.9","A","Everly Vandermeer","everly.vandermeer@example.net","Pseudo VIP Starter Rate","Silas Oakley"
"2026-02-13 05:04:19","29.5","A","Odette Wycliffe","odette.wycliffe@example.org","Pseudo VIP Mensual (renovación)","Marlowe Ashcroft"
"2026-02-13 04:38:50","7.9","A","Rory Granger","rory.granger@example.com","Pseudo VIP Starter Rate","Marlowe Ashcroft"
"2026-02-12 22:09:54","29.5","A","Nolan Northcott","nolan.northcott@example.com","Pseudo VIP Mensual (renovación)","Marlowe Ashcroft"
"2026-02-12 22:07:07","19.5","A","Priya Dunmore","priya.dunmore@example.net","Pseudo VIP Scholarship","Marlowe Ashcroft"
"2026-02-12 18:27:24","19.5","A","Clover Winslow","clover.winslow@example.org","Pseudo VIP Scholarship","Marlowe Ashcroft"
"2026-02-12 17:36:13","0","A","Odette Montrose","odette.montrose@example.net","Pseudo VIP Scholarship","Marlowe Ashcroft"
"2026-02-12 15:44:29","7.9","A","Willa Quillon","willa.quillon@example.net","Pseudo VIP Starter Rate","Marlowe Ashcroft"
"2026-02-12 14:11:35","39.5","A","Rosalind Wycliffe","rosalind.wycliffe@example.org","Pseudo VIP Monthly","Marlowe Ashcroft"
"2026-02-12 01:13:40","4.95","A","Sabine Ellsworth","sabine.ellsworth@example.com","Pseudo Coach VIP","Silas Oakley"
"2026-02-11 20:35:29","7.9","A","Maren Ravenscroft","maren.ravenscroft@example.org","Pseudo VIP Starter Rate","Marlowe Ashcroft"
"2026-02-11 14:39:05","7.9","A","Parker Ainsworth","parker.ainsworth@example.net","Pseudo VIP Starter Rate","Marlowe Ashcroft"
"2026-02-11 13:43:32","0","A","Mabel Larkspur","mabel.larkspur@example.org","Pseudo VIP Monthly","Juniper Larkspur"
"2026-02-11 12:26:52","7.9","A","Camden Radcliffe","camden.radcliffe@example.com","Pseudo VIP Starter Rate","Marlowe Ashcroft"
"2026-02-11 12:03:00","8.75","A","Quinn Underwood","quinn.underwood@example.org","Pseudo Creatine Scoop","Hollis Trenholm"
"2026-02-11 10:12:41","4.95","A","Sutton Prescott","sutton.prescott@example.org","Pseudo Coach VIP","Teagan Vandermeer"
"2026-02-11 09:53:33","7.9","A","Landon Hollister","landon.hollister@example.com","Pseudo VIP Starter Rate","Juniper Larkspur"
"2026-02-11 09:44:23","29.5","A","Jonah Wycliffe","jonah.wycliffe@example.com","Pseudo VIP Mensual - (renovación)","Marlowe Ashcroft"
"2026-02-11 08:30:44","19.5","A","Hayes Granger","hayes.granger@example.org","Pseudo VIP Scholarship","Marlowe Ashcroft"
"2026-02-11 07:23:13","39.5","A","Tatum Radcliffe","tatum.radcliffe@example.org","Pseudo VIP Monthly","Nova Brennan"
"2026-02-11 04:05:43","24.5","A","Wren Lockhart","wren.lockhart@example.com","Pseudo VIP Discounted","Marlowe Ashcroft"
"2026-02-10 22:45:25","0","A","Delaney Quillon","delaney.quillon@example.com","Pseudo VIP Discounted","Marlowe Ashcroft"
"2026-02-10 16:11:43","29.5","A","Clover Lockhart","clover.lockhart@example.org","Pseudo VIP Mensual (renovación)","Marlowe Ashcroft"
"2026-02-10 06:18:32","29.5","A","Finley Sterling","finley.sterling@example.org","Pseudo VIP Mensual (renovación)","Marlowe Ashcroft"
"2026-02-10 06:16:54","29.5","A","Reese Trenholm","reese.trenholm@example.com","Pseudo VIP Mensual (renovación)","Teagan Vandermeer"
"2026-02-10 04:26:49","4.95","A","Odette Calloway","odette.calloway@example.net","Pseudo Coach VIP","Marlowe Ashcroft"
"2026-02-10 01:26:00","8.49","A","Delaney Wycliffe","delaney.wycliffe@example.com","Pseudo Collagen Powder","Marlowe Ashcroft"
"2026-02-09 23:55:06","39.5","A","Camden Wycliffe","camden.wycliffe@example.net","Pseudo VIP Monthly","Marlowe Ashcroft"
"2026-02-09 19:32:52","4.95","A","Landon Ashcroft","landon.ashcroft@example.net","Pseudo Coach VIP","Iris Pemberton"
"2026-02-09 07:54:40","0","A","Grayson Harrington","grayson.harrington@example.com","Pseudo VIP Scholarship","Marlowe Ashcroft"
"2026-02-09 03:53:40","0","A","Freya Ashcroft","freya.ashcroft@example.org","Pseudo VIP Monthly","Teagan Vandermeer"
"2026-02-09 02:38:17","24.5","A","Keaton Thackeray","keaton.thackeray@example.com","Pseudo VIP Discounted","Hollis Trenholm"
"2026-02-09 02:16:19","7.9","A","Avery Brennan","avery.brennan@example.net","Pseudo VIP Starter Rate","Marlowe Ashcroft"
"2026-02-09 01:12:23","29.5","A","Iris Lockhart","iris.lockhart@example.net","Pseudo VIP Mensual - (renovación)","Marlowe Ashcroft"
"2026-02-08 19:30:47","39.5","A","Sloane Ashcroft","sloane.ashcroft@example.com","Pseudo VIP Monthly","Juniper Larkspur"
"2026-02-08 18:18:59","24.5","A","Anouk Pemberton","anouk.pemberton@example.org","Pseudo VIP Discounted","Teagan Vandermeer"
"2026-02-08 13:26:58","4.95","A","Zane Larkspur","zane.larkspur@example.net","Pseudo Coach VIP","Nova Brennan"
"2026-02-08 09:23:29","0","A","Anouk Ainsworth","anouk.ainsworth@example.com","Pseudo VIP Mensual (renovación)","Marlowe Ashcroft"
"2026-02-08 08:32:00","24.5","A","Landon Sinclair","landon.sinclair@example.com","Pseudo VIP Discounted","Marlowe Ashcroft"
"2026-02-08 08:03:56","24.5","A","Palmer Ainsworth","palmer.ainsworth@example.com","Pseudo VIP Discounted","Marlowe Ashcroft"
"2026-02-08 06:33:33","24.5","A","Mabel Trenholm","mabel.trenholm@example.net","Pseudo VIP Discounted","Marlowe Ashcroft"
"2026-02-08 06:20:28","24.5","A","Brooks Prescott","brooks.prescott@example.com","Pseudo VIP Discounted","Marlowe Ashcroft"
"2026-02-08 04:49:00","4.95","A","Marlowe Sinclair","marlowe.sinclair@example.net","Pseudo Coach VIP","Marlowe Ashcroft"
"2026-02-08 01:01:25","7.9","A","Harper Northcott","harper.northcott@example.org","Pseudo VIP Starter Rate","Marlowe Ashcroft"
"2026-02-07 22:16:49","29.5","A","Sutton Blackwood","sutton.blackwood@example.com","Pseudo VIP Mensual - (renovación)","Marlowe Ashcroft"
"2026-02-07 22:08:00","8.49","A","Sabine Wycliffe","sabine.wycliffe@example.com","Pseudo Collagen Powder","Marlowe Ashcroft"
"2026-02-07 15:42:03","29.5","A","Iris Lockhart","iris.lockhart@example.com","Pseudo VIP Mensual (renovación)","Juniper Larkspur"
"2026-02-07 15:11:06","29.5","A","Beatrix Northcott","beatrix.northcott@example.net","Pseudo VIP Mensual (renovación)","Marlowe Ashcroft"
"2026-02-07 12:05:48","29.5","A","Wesley Fitzgerald","wesley.fitzgerald@example.com","Pseudo VIP Mensual - (renovación)","Juniper Larkspur"
"2026-02-07 10:59:53","7.9","A","Sutton Kingsley","sutton.kingsley@example.com","Pseudo VIP Starter Rate","Marlowe Ashcroft"
"2026-02-07 06:48:07","4.95","A","Anouk Ravenscroft","anouk.ravenscroft@example.com","Pseudo Coach VIP","Marlowe Ashcroft"
"2026-02-07 05:02:58","29.5","A","Clover Dunmore","clover.dunmore@example.com","Pseudo VIP Mensual - (renovación)","Marlowe Ashcroft"
"2026-02-07 00:57:16","7.9","A","Clover Vandermeer","clover.vandermeer@example.org","Pseudo VIP Starter Rate","Marlowe Ashcroft"
"2026-02-06 22:10:53","19.5","A","Wesley Fitzgerald","wesley.fitzgerald@example.org","Pseudo VIP Scholarship","Marlowe Ashcroft"
"2026-02-06 14:12:48","24.5","A","Owen Ellsworth","owen.ellsworth@example.com","Pseudo VIP Discounted","Marlowe Ashcroft"
"2026-02-06 12:32:43","4.95","A","Anouk Kingsley","anouk.kingsley@example.net","Pseudo Coach VIP","Marlowe Ashcroft"
"2026-02-06 05:34:31","39.5","A","Teagan Calloway","teagan.calloway@example.net","Pseudo VIP Monthly","Marlowe Ashcroft"
"2026-02-06 03:57:05","24.5","A","Declan Ravenscroft","declan.ravenscroft@example.net","Pseudo VIP Discounted","Juniper Larkspur"
"2026-02-06 02:50:00","10.62","A","Hayes Fitzgerald","hayes.fitzgerald@example.org","Pseudo Hydration Mix","Marlowe Ashcroft"
"2026-02-05 19:53:20","29.5","A","Jonah Yarrow","jonah.yarrow@example.org","Pseudo VIP Mensual (renovación)","Marlowe Ashcroft"
"2026-02-05 10:22:44","29.5","A","Tatum Kingsley","tatum.kingsley@example.org","Pseudo VIP Mensual - (renovación)","Marlowe Ashcroft"
"2026-02-05 07:26:20","19.5","A","Declan Ashcroft","declan.ashcroft@example.com","Pseudo VIP Scholarship","Hollis Trenholm"
"2026-02-05 04:27:34","19.5","A","Verity Ashcroft","verity.ashcroft@example.net","Pseudo VIP Scholarship","Marlowe Ashcroft"
"2026-02-05 04:24:29","29.5","A","Sawyer Merrick","sawyer.merrick@example.org","Pseudo VIP Mensual (renovación)","Nova Brennan"
"2026-02-05 03:00:38","29.5","A","Miles Underwood","miles.underwood@example.com","Pseudo VIP Mensual (renovación)","Marlowe Ashcroft"
"2026-02-04 21:16:23","29.5","A","Nolan Hollister","nolan.hollister@example.org","Pseudo VIP Mensual (renovación)","Juniper Larkspur"
"2026-02-04 19:24:58","29.5","A","Verity Kingsley","verity.kingsley@example.net","Pseudo VIP Mensual - (renovación)","Marlowe Ashcroft"
"2026-02-04 15:16:51","39.5","A","Harper Ellsworth","harper.ellsworth@example.net","Pseudo VIP Monthly","Marlowe Ashcroft"
"2026-02-04 10:54:23","29.5","A","Mabel Ashcroft","mabel.ashcroft@example.com","Pseudo VIP Mensual (renovación)","Marlowe Ashcroft"
"2026-02-04 09:27:25","4.95","A","Jonah Fairbanks","jonah.fairbanks@example.org","Pseudo Coach VIP","Marlowe Ashcroft"
"2026-02-04 07:57:34","4.95","A","Nolan Calloway","nolan.calloway@example.net","Pseudo Coach VIP","Teagan Vandermeer"
"2026-02-04 06:43:37","39.5","A","Nova Hollister","nova.hollister@example.com","Pseudo VIP Monthly","Marlowe Ashcroft"
"2026-02-04 04:31:42","29.5","A","Esme Cartwright","esme.cartwright@example.com","Pseudo VIP Mensual - (renovación)","Marlowe Ashcroft"
"2026-02-04 03:01:49","29.5","A","Sloane Kingsley","sloane.kingsley@example.org","Pseudo VIP Mensual - (renovación)","Teagan Vandermeer"
"2026-02-03 18:41:14","29.5","A","Sawyer Delacroix","sawyer.delacroix@example.com","Pseudo VIP Mensual (renovación)","Rory Delacroix"
"2026-02-03 15:32:00","14.87","A","Delaney Sterling","delaney.sterling@example.com","Pseudo Protein Blend","Marlowe Ashcroft"
"2026-02-03 15:19:31","0","A","Rowan Kingsley","rowan.kingsley@example.com","Pseudo VIP Discounted","Marlowe Ashcroft"
"2026-02-03 14:00:00","7.5","A","Sabine Granger","sabine.granger@example.net","Pseudo Meal Guide","Marlowe Ashcroft"
"2026-02-03 09:25:32","29.5","A","Rosalind Ingram","rosalind.ingram@example.com","Pseudo VIP Mensual (renovación)","Marlowe Ashcroft"
"2026-02-03 07:39:00","14.87","A","Esme Kingsley","esme.kingsley@example.net","Pseudo Protein Blend","Teagan Vandermeer"
"2026-02-03 07:32:17","39.5","A","Freya Whitfield","freya.whitfield@example.com","Pseudo VIP Monthly","Nova Brennan"
"2026-02-03 03:22:29","39.5","A","Emerson Sterling","emerson.sterling@example.org","Pseudo VIP Monthly","Marlowe Ashcroft"
"2026-02-03 01:33:53","29.5","A","Odette Prescott","odette.prescott@example.net","Pseudo VIP Mensual - (renovación)","Marlowe Ashcroft"
"2026-02-02 14:31:25","24.5","A","Juniper Kingsley","juniper.kingsley@example.com","Pseudo VIP Discounted","Hollis Trenholm"
"2026-02-02 11:36:09","24.5","A","Tatum Fitzgerald","tatum.fitzgerald@example.net","Pseudo VIP Discounted","Marlowe Ashcroft"
"2026-02-02 11:05:23","29.5","A","Mabel Hollister","mabel.hollister@example.org","Pseudo VIP Mensual (renovación)","Marlowe Ashcroft"
"2026-02-01 23:31:51","7.9","A","Wren Sinclair","wren.sinclair@example.net","Pseudo VIP Starter Rate","Juniper Larkspur"
"2026-02-01 23:29:11","0","A","Zane Quillon","zane.quillon@example.net","Pseudo VIP Discounted","Teagan Vandermeer"
"2026-02-01 17:41:50","24.5","A","Grayson Oakley","grayson.oakley@example.com","Pseudo VIP Discounted","Marlowe Ashcroft"
"2026-02-01 17:36:12","39.5","A","Wren Kingsley","wren.kingsley@example.com","Pseudo VIP Monthly","Marlowe Ashcroft"
"2026-02-01 15:53:42","39.5","A","Esme Fitzgerald","esme.fitzgerald@example.org","Pseudo VIP Monthly","Marlowe Ashcroft"
"2026-02-01 12:10:40","29.5","A","Verity Quillon","verity.quillon@example.org","Pseudo VIP Mensual - (renovación)","Silas Oakley"
"2026-01-31 17:58:00","14.87","A","Vaughn Jessup","vaughn.jessup@example.com","Pseudo Protein Blend","Silas Oakley"
"2026-01-30 16:14:21","4.95","A","Wren Calloway","wren.calloway@example.org","Pseudo Coach VIP","Marlowe Ashcroft"
"2026-01-28 17:49:18","29.5","A","Wren Ainsworth","wren.ainsworth@example.org","Pseudo VIP Mensual (renovación)","Rory Delacroix"
"2026-01-28 17:41:00","8.49","A","Quinn Underwood","quinn.underwood@example.org","Pseudo Collagen Powder","Hollis Trenholm"
"2026-01-28 16:13:10","19.5","A","Juniper Fitzgerald","juniper.fitzgerald@example.net","Pseudo VIP Scholarship","Marlowe Ashcroft"
"2026-01-28 14:02:13","4.95","A","Rosalind Ainsworth","rosalind.ainsworth@example.com","Pseudo Coach VIP","Marlowe Ashcroft"
"2026-01-28 06:08:58","4.95","A","Marlowe Yarrow","marlowe.yarrow@example.com","Pseudo Coach VIP","Nova Brennan"
"2026-01-28 00:55:42","39.5","A","Camden Underwood","camden.underwood@example.com","Pseudo VIP Monthly","Marlowe Ashcroft"
"2026-01-27 23:52:55","29.5","A","Silas Brennan","silas.brennan@example.com","Pseudo VIP Mensual - (renovación)","Marlowe Ashcroft"
"2026-01-27 15:54:21","0","A","Sloane Dunmore","sloane.dunmore@example.com","Pseudo Coach VIP","Marlowe Ashcroft"
"2026-01-27 10:47:15","29.5","A","Nolan Larkspur","nolan.larkspur@example.com","Pseudo VIP Mensual (renovación)","Hollis Trenholm"
"2026-01-27 04:39:13","29.5","A","Jonah Radcliffe","jonah.radcliffe@example.net","Pseudo VIP Mensual - (renovación)","Marlowe Ashcroft"
"2026-01-24 06:00:00","7.5","A","Miles Quillon","miles.quillon@example.net","Pseudo Meal Guide","Marlowe Ashcroft"
"2026-01-24 00:00:00","7.5","A","Rosalind Dunmore","rosalind.dunmore@example.net","Pseudo Meal Guide","Marlowe Ashcroft"
"2026-01-23 21:21:00","8.49","A","Rory Whitfield","rory.whitfield@example.com","Pseudo Collagen Powder","Marlowe Ashcroft"
"2026-01-17 16:10:04","24.5","A","Rosalind Vandermeer","rosalind.vandermeer@example.org","Pseudo VIP Discounted","Iris Pemberton"
"2026-01-16 17:18:24","19.5","A","Avery Vandermeer","avery.vandermeer@example.org","Pseudo VIP Scholarship","Teagan Vandermeer"
"2026-01-16 16:45:00","29.5","A","Iris Kingsley","iris.kingsley@example.com","Pseudo VIP Mensual (renovación)","Marlowe Ashcroft"
"2026-01-16 14:19:25","24.5","A","Delaney Thackeray","delaney.thackeray@example.org","Pseudo VIP Discounted","Marlowe Ashcroft"
"2026-01-16 08:51:51","7.9","A","Odette Dunmore","odette.dunmore@example.org","Pseudo VIP Starter Rate","Marlowe Ashcroft"
"2026-01-16 02:34:14","29.5","A","Reese Harrington","reese.harrington@example.net","Pseudo VIP Mensual - (renovación)","Marlowe Ashcroft"
"2026-01-15 21:55:15","39.5","A","Hollis Blackwood","hollis.blackwood@example.org","Pseudo VIP Monthly","Marlowe Ashcroft"
"2026-01-15 03:43:58","29.5","A","Zane Ravenscroft","zane.ravenscroft@example.com","Pseudo VIP Mensual - (renovación)","Teagan Vandermeer"
"2026-01-15 03:26:36","39.5","A","Hayes Delacroix","hayes.delacroix@example.org","Pseudo VIP Monthly","Marlowe Ashcroft"
"2026-01-15 02:36:21","19.5","A","Declan Kingsley","declan.kingsley@example.org","Pseudo VIP Scholarship","Marlowe Ashcroft"
"2026-01-14 22:40:51","24.5","A","Reese Quillon","reese.quillon@example.com","Pseudo VIP Discounted","Juniper Larkspur"
"2026-01-14 17:45:31","39.5","A","Willa Northcott","willa.northcott@example.org","Pseudo VIP Monthly","Marlowe Ashcroft"
"2026-01-14 16:53:00","10.62","A","Jonah Delacroix","jonah.delacroix@example.org","Pseudo Hydration Mix","Silas Oakley"
"2026-01-14 09:47:18","39.5","A","Mabel Dunmore","mabel.dunmore@example.net","Pseudo VIP Monthly","Rory Delacroix"
"2026-01-14 09:44:36","24.5","A","Wren Whitfield","wren.whitfield@example.org","Pseudo VIP Discounted","Marlowe Ashcroft"
"2026-01-14 09:31:36","39.5","A","Beatrix Radcliffe","beatrix.radcliffe@example.com","Pseudo VIP Monthly","Rory Delacroix"
"2026-01-14 04:04:34","4.95","A","Anouk Granger","anouk.granger@example.com","Pseudo Coach VIP","Marlowe Ashcroft"
"2026-01-13 22:08:51","39.5","A","Mabel Yarrow","mabel.yarrow@example.org","Pseudo VIP Monthly","Marlowe Ashcroft"
"2026-01-13 15:00:00","87","A","Tatum Wycliffe","tatum.wycliffe@example.net","Pseudo Starter Program","Marlowe Ashcroft"
"2026-01-13 04:32:19","29.5","A","Odette Wycliffe","odette.wycliffe@example.org","Pseudo VIP Mensual (renovación)","Marlowe Ashcroft"
"2026-01-13 03:45:50","7.9","A","Rory Granger","rory.granger@example.com","Pseudo VIP Starter Rate","Marlowe Ashcroft"
"2026-01-12 20:58:54","29.5","A","Nolan Northcott","nolan.northcott@example.com","Pseudo VIP Mensual (renovación)","Marlowe Ashcroft"
"2026-01-12 18:59:13","0","A","Odette Montrose","odette.montrose@example.net","Pseudo VIP Scholarship","Marlowe Ashcroft"
"2026-01-12 15:41:29","7.9","A","Willa Quillon","willa.quillon@example.net","Pseudo VIP Starter Rate","Marlowe Ashcroft"
"2026-01-12 14:12:35","39.5","A","Rosalind Wycliffe","rosalind.wycliffe@example.org","Pseudo VIP Monthly","Marlowe Ashcroft"
"2026-01-12 01:52:40","4.95","A","Sabine Ellsworth","sabine.ellsworth@example.com","Pseudo Coach VIP","Silas Oakley"
"2026-01-11 20:39:29","7.9","A","Maren Ravenscroft","maren.ravenscroft@example.org","Pseudo VIP Starter Rate","Marlowe Ashcroft"
"2026-01-11 14:54:05","7.9","A","Parker Ainsworth","parker.ainsworth@example.net","Pseudo VIP Starter Rate","Marlowe Ashcroft"
"2026-01-11 14:48:00","10.62","A","Esme Kingsley","esme.kingsley@example.net","Pseudo Hydration Mix","Teagan Vandermeer"
"2026-01-11 14:04:32","0","A","Mabel Larkspur","mabel.larkspur@example.org","Pseudo VIP Monthly","Juniper Larkspur"
"2026-01-11 12:06:52","7.9","A","Camden Radcliffe","camden.radcliffe@example.com","Pseudo VIP Starter Rate","Marlowe Ashcroft"
"2026-01-11 11:11:33","7.9","A","Landon Hollister","landon.hollister@example.com","Pseudo VIP Starter Rate","Juniper Larkspur"
"2026-01-11 09:14:41","4.95","A","Sutton Prescott","sutton.prescott@example.org","Pseudo Coach VIP","Teagan Vandermeer"
"2026-01-11 07:43:13","39.5","A","Tatum Radcliffe","tatum.radcliffe@example.org","Pseudo VIP Monthly","Nova Brennan"
"2026-01-10 15:18:43","29.5","A","Clover Lockhart","clover.lockhart@example.org","Pseudo VIP Mensual (renovación)","Marlowe Ashcroft"
"2026-01-10 06:02:32","29.5","A","Finley Sterling","finley.sterling@example.org","Pseudo VIP Mensual (renovación)","Marlowe Ashcroft"
"2026-01-10 05:37:54","29.5","A","Reese Trenholm","reese.trenholm@example.com","Pseudo VIP Mensual (renovación)","Teagan Vandermeer"
"2026-01-10 05:34:49","4.95","A","Odette Calloway","odette.calloway@example.net","Pseudo Coach VIP","Marlowe Ashcroft"
"2026-01-10 00:13:06","39.5","A","Camden Wycliffe","camden.wycliffe@example.net","Pseudo VIP Monthly","Marlowe Ashcroft"
"2026-01-09 20:15:52","4.95","A","Landon Ashcroft","landon.ashcroft@example.net","Pseudo Coach VIP","Iris Pemberton"
"2026-01-09 09:05:40","0","A","Grayson Harrington","grayson.harrington@example.com","Pseudo VIP Scholarship","Marlowe Ashcroft"
"2026-01-09 00:58:19","7.9","A","Avery Brennan","avery.brennan@example.net","Pseudo VIP Starter Rate","Marlowe Ashcroft"
"2026-01-09 00:15:23","29.5","A","Iris Lockhart","iris.lockhart@example.net","Pseudo VIP Mensual - (renovación)","Marlowe Ashcroft"
"2026-01-08 17:39:59","24.5","A","Anouk Pemberton","anouk.pemberton@example.org","Pseudo VIP Discounted","Teagan Vandermeer"
"2026-01-08 14:18:58","4.95","A","Zane Larkspur","zane.larkspur@example.net","Pseudo Coach VIP","Nova Brennan"
"2026-01-08 09:20:56","24.5","A","Palmer Ainsworth","palmer.ainsworth@example.com","Pseudo VIP Discounted","Marlowe Ashcroft"
"2026-01-08 08:24:00","24.5","A","Landon Sinclair","landon.sinclair@example.com","Pseudo VIP Discounted","Marlowe Ashcroft"
"2026-01-08 06:28:33","24.5","A","Mabel Trenholm","mabel.trenholm@example.net","Pseudo VIP Discounted","Marlowe Ashcroft"
"2026-01-08 04:56:28","24.5","A","Brooks Prescott","brooks.prescott@example.com","Pseudo VIP Discounted","Marlowe Ashcroft"
"2026-01-08 01:20:25","7.9","A","Harper Northcott","harper.northcott@example.org","Pseudo VIP Starter Rate","Marlowe Ashcroft"
"2026-01-07 22:36:49","29.5","A","Sutton Blackwood","sutton.blackwood@example.com","Pseudo VIP Mensual - (renovación)","Marlowe Ashcroft"
"2026-01-07 15:50:06","29.5","A","Beatrix Northcott","beatrix.northcott@example.net","Pseudo VIP Mensual (renovación)","Marlowe Ashcroft"
"2026-01-07 14:53:03","29.5","A","Iris Lockhart","iris.lockhart@example.com","Pseudo VIP Mensual (renovación)","Juniper Larkspur"
"2026-01-07 12:18:53","7.9","A","Sutton Kingsley","sutton.kingsley@example.com","Pseudo VIP Starter Rate","Marlowe Ashcroft"
"2026-01-07 04:00:58","29.5","A","Clover Dunmore","clover.dunmore@example.com","Pseudo VIP Mensual - (renovación)","Marlowe Ashcroft"
"2026-01-07 00:29:16","7.9","A","Clover Vandermeer","clover.vandermeer@example.org","Pseudo VIP Starter Rate","Marlowe Ashcroft"
"2026-01-06 13:47:43","4.95","A","Anouk Kingsley","anouk.kingsley@example.net","Pseudo Coach VIP","Marlowe Ashcroft"
"2026-01-06 13:43:48","24.5","A","Owen Ellsworth","owen.ellsworth@example.com","Pseudo VIP Discounted","Marlowe Ashcroft"
"2026-01-06 03:58:05","24.5","A","Declan Ravenscroft","declan.ravenscroft@example.net","Pseudo VIP Discounted","Juniper Larkspur"
"2026-01-05 19:56:20","29.5","A","Jonah Yarrow","jonah.yarrow@example.org","Pseudo VIP Mensual (renovación)","Marlowe Ashcroft"
"2026-01-05 15:17:37","39.5","A","Silas Jessup","silas.jessup@example.net","Pseudo VIP Monthly","Teagan Vandermeer"
"2026-01-05 09:40:44","29.5","A","Tatum Kingsley","tatum.kingsley@example.org","Pseudo VIP Mensual - (renovación)","Marlowe Ashcroft"
"2026-01-05 06:25:20","19.5","A","Declan Ashcroft","declan.ashcroft@example.com","Pseudo VIP Scholarship","Hollis Trenholm"
"2026-01-05 05:49:34","19.5","A","Verity Ashcroft","verity.ashcroft@example.net","Pseudo VIP Scholarship","Marlowe Ashcroft"
"2026-01-05 03:23:29","29.5","A","Sawyer Merrick","sawyer.merrick@example.org","Pseudo VIP Mensual (renovación)","Nova Brennan"
"2026-01-05 02:08:38","29.5","A","Miles Underwood","miles.underwood@example.com","Pseudo VIP Mensual (renovación)","Marlowe Ashcroft"
"2026-01-04 20:39:23","29.5","A","Nolan Hollister","nolan.hollister@example.org","Pseudo VIP Mensual (renovación)","Juniper Larkspur"
"2026-01-04 20:04:58","29.5","A","Verity Kingsley","verity.kingsley@example.net","Pseudo VIP Mensual - (renovación)","Marlowe Ashcroft"
"2026-01-04 14:50:51","39.5","A","Harper Ellsworth","harper.ellsworth@example.net","Pseudo VIP Monthly","Marlowe Ashcroft"
"2026-01-04 09:50:23","29.5","A","Mabel Ashcroft","mabel.ashcroft@example.com","Pseudo VIP Mensual (renovación)","Marlowe Ashcroft"
"2026-01-04 09:33:25","4.95","A","Jonah Fairbanks","jonah.fairbanks@example.org","Pseudo Coach VIP","Marlowe Ashcroft"
"2026-01-04 05:38:37","39.5","A","Nova Hollister","nova.hollister@example.com","Pseudo VIP Monthly","Marlowe Ashcroft"
"2026-01-04 03:56:49","29.5","A","Sloane Kingsley","sloane.kingsley@example.org","Pseudo VIP Mensual - (renovación)","Teagan Vandermeer"
"2026-01-04 03:55:42","29.5","A","Esme Cartwright","esme.cartwright@example.com","Pseudo VIP Mensual - (renovación)","Marlowe Ashcroft"
"2026-01-03 09:18:32","29.5","A","Rosalind Ingram","rosalind.ingram@example.com","Pseudo VIP Mensual (renovación)","Marlowe Ashcroft"
"2026-01-03 02:53:29","39.5","A","Emerson Sterling","emerson.sterling@example.org","Pseudo VIP Monthly","Marlowe Ashcroft"
"2026-01-02 15:59:25","24.5","A","Juniper Kingsley","juniper.kingsley@example.com","Pseudo VIP Discounted","Hollis Trenholm"
"2026-01-02 11:51:09","24.5","A","Tatum Fitzgerald","tatum.fitzgerald@example.net","Pseudo VIP Discounted","Marlowe Ashcroft"
"2026-01-01 23:59:51","7.9","A","Wren Sinclair","wren.sinclair@example.net","Pseudo VIP Starter Rate","Juniper Larkspur"
"2026-01-01 22:27:11","0","A","Zane Quillon","zane.quillon@example.net","Pseudo VIP Discounted","Teagan Vandermeer"
"2026-01-01 18:26:50","24.5","A","Grayson Oakley","grayson.oakley@example.com","Pseudo VIP Discounted","Marlowe Ashcroft"
"2026-01-01 17:21:12","39.5","A","Wren Kingsley","wren.kingsley@example.com","Pseudo VIP Monthly","Marlowe Ashcroft"
"2026-01-01 16:19:42","39.5","A","Esme Fitzgerald","esme.fitzgerald@example.org","Pseudo VIP Monthly","Marlowe Ashcroft"
"2026-01-01 12:32:40","29.5","A","Verity Quillon","verity.quillon@example.org","Pseudo VIP Mensual - (renovación)","Silas Oakley"
"2025-12-30 18:57:00","8.75","A","Odette Merrick","odette.merrick@example.net","Pseudo Creatine Scoop","Marlowe Ashcroft"
"2025-12-30 12:07:00","8.49","A","Silas Granger","silas.granger@example.com","Pseudo Collagen Powder","Marlowe Ashcroft"
"2025-12-29 13:00:00","20","A","Landon Ingram","landon.ingram@example.com","Pseudo 14-Day Reset","Marlowe Ashcroft"
"2025-12-28 18:41:18","29.5","A","Wren Ainsworth","wren.ainsworth@example.org","Pseudo VIP Mensual (renovación)","Rory Delacroix"
"2025-12-28 17:33:10","19.5","A","Juniper Fitzgerald","juniper.fitzgerald@example.net","Pseudo VIP Scholarship","Marlowe Ashcroft"
"2025-12-28 15:02:13","4.95","A","Rosalind Ainsworth","rosalind.ainsworth@example.com","Pseudo Coach VIP","Marlowe Ashcroft"
"2025-12-28 07:12:58","4.95","A","Marlowe Yarrow","marlowe.yarrow@example.com","Pseudo Coach VIP","Nova Brennan"
"2025-12-27 23:39:42","39.5","A","Camden Underwood","camden.underwood@example.com","Pseudo VIP Monthly","Marlowe Ashcroft"
"2025-12-27 23:07:55","29.5","A","Silas Brennan","silas.brennan@example.com","Pseudo VIP Mensual - (renovación)","Marlowe Ashcroft"
"2025-12-27 17:46:00","8.49","A","Reese Winslow","reese.winslow@example.com","Pseudo Collagen Powder","Marlowe Ashcroft"
"2025-12-27 10:12:15","29.5","A","Nolan Larkspur","nolan.larkspur@example.com","Pseudo VIP Mensual (renovación)","Hollis Trenholm"
"2025-12-27 05:14:13","29.5","A","Jonah Radcliffe","jonah.radcliffe@example.net","Pseudo VIP Mensual - (renovación)","Marlowe Ashcroft"
"2025-12-25 14:30:00","14.87","A","Sabine Harrington","sabine.harrington@example.org","Pseudo Protein Blend","Silas Oakley"
"2025-12-24 23:58:00","10.62","A","Delaney Wycliffe","delaney.wycliffe@example.com","Pseudo Hydration Mix","Marlowe Ashcroft"
"2025-12-23 05:00:00","7.5","A","Palmer Trenholm","palmer.trenholm@example.com","Pseudo Meal Guide","Marlowe Ashcroft"
"2025-12-21 02:10:00","8.75","A","Vaughn Jessup","vaughn.jessup@example.com","Pseudo Creatine Scoop","Silas Oakley"
"2025-12-20 06:14:00","8.75","A","Brooks Ashcroft","brooks.ashcroft@example.com","Pseudo Creatine Scoop","Marlowe Ashcroft"
"2025-12-18 05:50:00","10.62","A","Wesley Dunmore","wesley.dunmore@example.net","Pseudo Hydration Mix","Teagan Vandermeer"
"2025-12-17 16:32:04","24.5","A","Rosalind Vandermeer","rosalind.vandermeer@example.org","Pseudo VIP Discounted","Iris Pemberton"
"2025-12-16 15:22:00","29.5","A","Iris Kingsley","iris.kingsley@example.com","Pseudo VIP Mensual (renovación)","Marlowe Ashcroft"
"2025-12-16 14:14:25","24.5","A","Delaney Thackeray","delaney.thackeray@example.org","Pseudo VIP Discounted","Marlowe Ashcroft"
"2025-12-16 13:11:00","14.87","A","Reese Winslow","reese.winslow@example.com","Pseudo Protein Blend","Marlowe Ashcroft"
"2025-12-16 13:00:00","87","A","Hollis Fairbanks","hollis.fairbanks@example.com","Pseudo Starter Program","Marlowe Ashcroft"
"2025-12-16 02:29:14","29.5","A","Reese Harrington","reese.harrington@example.net","Pseudo VIP Mensual - (renovación)","Marlowe Ashcroft"
"2025-12-15 04:26:58","29.5","A","Zane Ravenscroft","zane.ravenscroft@example.com","Pseudo VIP Mensual - (renovación)","Teagan Vandermeer"
"2025-12-15 04:03:36","39.5","A","Hayes Delacroix","hayes.delacroix@example.org","Pseudo VIP Monthly","Marlowe Ashcroft"
"2025-12-15 02:44:21","19.5","A","Declan Kingsley","declan.kingsley@example.org","Pseudo VIP Scholarship","Marlowe Ashcroft"
"2025-12-14 11:01:36","39.5","A","Beatrix Radcliffe","beatrix.radcliffe@example.com","Pseudo VIP Monthly","Rory Delacroix"
"2025-12-14 10:40:18","39.5","A","Mabel Dunmore","mabel.dunmore@example.net","Pseudo VIP Monthly","Rory Delacroix"
"2025-12-14 10:14:36","24.5","A","Wren Whitfield","wren.whitfield@example.org","Pseudo VIP Discounted","Marlowe Ashcroft"
"2025-12-14 00:18:00","14.87","A","Rory Whitfield","rory.whitfield@example.com","Pseudo Protein Blend","Marlowe Ashcroft"
"2025-12-13 20:39:51","39.5","A","Mabel Yarrow","mabel.yarrow@example.org","Pseudo VIP Monthly","Marlowe Ashcroft"
"2025-12-13 17:22:00","14.87","A","Iris Lockhart","iris.lockhart@example.org","Pseudo Protein Blend","Marlowe Ashcroft"
"2025-12-13 07:27:00","8.75","A","Delaney Sterling","delaney.sterling@example.com","Pseudo Creatine Scoop","Marlowe Ashcroft"
"2025-12-13 05:14:50","7.9","A","Rory Granger","rory.granger@example.com","Pseudo VIP Starter Rate","Marlowe Ashcroft"
"2025-12-13 04:26:19","29.5","A","Odette Wycliffe","odette.wycliffe@example.org","Pseudo VIP Mensual (renovación)","Marlowe Ashcroft"
"2025-12-12 20:40:54","29.5","A","Nolan Northcott","nolan.northcott@example.com","Pseudo VIP Mensual (renovación)","Marlowe Ashcroft"
"2025-12-12 03:05:40","4.95","A","Sabine Ellsworth","sabine.ellsworth@example.com","Pseudo Coach VIP","Silas Oakley"
"2025-12-11 21:50:29","7.9","A","Maren Ravenscroft","maren.ravenscroft@example.org","Pseudo VIP Starter Rate","Marlowe Ashcroft"
"2025-12-11 13:42:05","7.9","A","Parker Ainsworth","parker.ainsworth@example.net","Pseudo VIP Starter Rate","Marlowe Ashcroft"
"2025-12-11 10:56:52","7.9","A","Camden Radcliffe","camden.radcliffe@example.com","Pseudo VIP Starter Rate","Marlowe Ashcroft"
"2025-12-11 09:00:41","4.95","A","Sutton Prescott","sutton.prescott@example.org","Pseudo Coach VIP","Teagan Vandermeer"
"2025-12-11 07:27:13","39.5","A","Tatum Radcliffe","tatum.radcliffe@example.org","Pseudo VIP Monthly","Nova Brennan"
"2025-12-10 15:39:43","29.5","A","Clover Lockhart","clover.lockhart@example.org","Pseudo VIP Mensual (renovación)","Marlowe Ashcroft"
"2025-12-10 04:34:54","29.5","A","Reese Trenholm","reese.trenholm@example.com","Pseudo VIP Mensual (renovación)","Teagan Vandermeer"
"2025-12-09 23:01:06","39.5","A","Camden Wycliffe","camden.wycliffe@example.net","Pseudo VIP Monthly","Marlowe Ashcroft"
"2025-12-09 19:17:52","4.95","A","Landon Ashcroft","landon.ashcroft@example.net","Pseudo Coach VIP","Iris Pemberton"
"2025-12-08 23:08:23","29.5","A","Iris Lockhart","iris.lockhart@example.net","Pseudo VIP Mensual - (renovación)","Marlowe Ashcroft"
"2025-12-08 18:48:59","24.5","A","Anouk Pemberton","anouk.pemberton@example.org","Pseudo VIP Discounted","Teagan Vandermeer"
"2025-12-08 13:26:58","4.95","A","Zane Larkspur","zane.larkspur@example.net","Pseudo Coach VIP","Nova Brennan"
"2025-12-08 10:12:56","24.5","A","Palmer Ainsworth","palmer.ainsworth@example.com","Pseudo VIP Discounted","Marlowe Ashcroft"
"2025-12-08 09:34:00","24.5","A","Landon Sinclair","landon.sinclair@example.com","Pseudo VIP Discounted","Marlowe Ashcroft"
"2025-12-08 05:50:00","8.49","A","Delaney Sterling","delaney.sterling@example.com","Pseudo Collagen Powder","Marlowe Ashcroft"
"2025-12-08 05:40:28","24.5","A","Brooks Prescott","brooks.prescott@example.com","Pseudo VIP Discounted","Marlowe Ashcroft"
"2025-12-07 16:21:06","29.5","A","Beatrix Northcott","beatrix.northcott@example.net","Pseudo VIP Mensual (renovación)","Marlowe Ashcroft"
"2025-12-07 12:07:53","7.9","A","Sutton Kingsley","sutton.kingsley@example.com","Pseudo VIP Starter Rate","Marlowe Ashcroft"
"2025-12-07 04:05:00","8.49","A","Rory Whitfield","rory.whitfield@example.com","Pseudo Collagen Powder","Marlowe Ashcroft"
"2025-12-07 03:23:58","29.5","A","Clover Dunmore","clover.dunmore@example.com","Pseudo VIP Mensual - (renovación)","Marlowe Ashcroft"
"2025-12-06 23:15:16","7.9","A","Clover Vandermeer","clover.vandermeer@example.org","Pseudo VIP Starter Rate","Marlowe Ashcroft"
"2025-12-06 12:39:48","24.5","A","Owen Ellsworth","owen.ellsworth@example.com","Pseudo VIP Discounted","Marlowe Ashcroft"
"2025-12-06 04:00:00","7.5","A","Sutton Northcott","sutton.northcott@example.com","Pseudo Meal Guide","Iris Pemberton"
"2025-12-06 03:42:05","24.5","A","Declan Ravenscroft","declan.ravenscroft@example.net","Pseudo VIP Discounted","Juniper Larkspur"
"2025-12-05 21:25:20","29.5","A","Jonah Yarrow","jonah.yarrow@example.org","Pseudo VIP Mensual (renovación)","Marlowe Ashcroft"
"2025-12-05 15:56:37","39.5","A","Silas Jessup","silas.jessup@example.net","Pseudo VIP Monthly","Teagan Vandermeer"
"2025-12-05 07:47:20","19.5","A","Declan Ashcroft","declan.ashcroft@example.com","Pseudo VIP Scholarship","Hollis Trenholm"
"2025-12-05 06:12:34","19.5","A","Verity Ashcroft","verity.ashcroft@example.net","Pseudo VIP Scholarship","Marlowe Ashcroft"
"2025-12-05 03:48:29","29.5","A","Sawyer Merrick","sawyer.merrick@example.org","Pseudo VIP Mensual (renovación)","Nova Brennan"
"2025-12-05 03:22:38","29.5","A","Miles Underwood","miles.underwood@example.com","Pseudo VIP Mensual (renovación)","Marlowe Ashcroft"
"2025-12-04 21:58:23","29.5","A","Nolan Hollister","nolan.hollister@example.org","Pseudo VIP Mensual (renovación)","Juniper Larkspur"
"2025-12-04 19:09:58","29.5","A","Verity Kingsley","verity.kingsley@example.net","Pseudo VIP Mensual - (renovación)","Marlowe Ashcroft"
"2025-12-04 10:54:23","29.5","A","Mabel Ashcroft","mabel.ashcroft@example.com","Pseudo VIP Mensual (renovación)","Marlowe Ashcroft"
"2025-12-04 10:32:25","4.95","A","Jonah Fairbanks","jonah.fairbanks@example.org","Pseudo Coach VIP","Marlowe Ashcroft"
"2025-12-04 10:00:00","7.5","A","Keaton Calloway","keaton.calloway@example.org","Pseudo Meal Guide","Marlowe Ashcroft"
"2025-12-04 04:44:37","39.5","A","Nova Hollister","nova.hollister@example.com","Pseudo VIP Monthly","Marlowe Ashcroft"
"2025-12-04 04:30:49","29.5","A","Sloane Kingsley","sloane.kingsley@example.org","Pseudo VIP Mensual - (renovación)","Teagan Vandermeer"
"2025-12-03 10:31:32","29.5","A","Rosalind Ingram","rosalind.ingram@example.com","Pseudo VIP Mensual (renovación)","Marlowe Ashcroft"
"2025-12-02 16:30:25","24.5","A","Juniper Kingsley","juniper.kingsley@example.com","Pseudo VIP Discounted","Hollis Trenholm"
"2025-12-02 06:00:00","10.62","A","Juniper Ainsworth","juniper.ainsworth@example.com","Pseudo Hydration Mix","Marlowe Ashcroft"
"2025-12-01 23:21:51","7.9","A","Wren Sinclair","wren.sinclair@example.net","Pseudo VIP Starter Rate","Juniper Larkspur"
"2025-12-01 18:12:12","39.5","A","Wren Kingsley","wren.kingsley@example.com","Pseudo VIP Monthly","Marlowe Ashcroft"
"2025-12-01 17:05:42","39.5","A","Esme Fitzgerald","esme.fitzgerald@example.org","Pseudo VIP Monthly","Marlowe Ashcroft"
"2025-12-01 06:31:00","8.75","A","Iris Lockhart","iris.lockhart@example.org","Pseudo Creatine Scoop","Marlowe Ashcroft"
"2025-11-30 15:00:00","7.5","A","Owen Quillon","owen.quillon@example.org","Pseudo Meal Guide","Marlowe Ashcroft"
"2025-11-30 06:52:58","4.95","A","Marlowe Yarrow","marlowe.yarrow@example.com","Pseudo Coach VIP","Nova Brennan"
"2025-11-29 00:01:55","29.5","A","Silas Brennan","silas.brennan@example.com","Pseudo VIP Mensual - (renovación)","Marlowe Ashcroft"
"2025-11-28 18:52:10","19.5","A","Juniper Fitzgerald","juniper.fitzgerald@example.net","Pseudo VIP Scholarship","Marlowe Ashcroft"
"2025-11-28 16:00:13","4.95","A","Rosalind Ainsworth","rosalind.ainsworth@example.com","Pseudo Coach VIP","Marlowe Ashcroft"
"2025-11-28 00:28:42","39.5","A","Camden Underwood","camden.underwood@example.com","Pseudo VIP Monthly","Marlowe Ashcroft"
"2025-11-27 12:00:00","20","A","Jonah Harrington","jonah.harrington@example.com","Pseudo 14-Day Reset","Marlowe Ashcroft"
"2025-11-27 04:42:13","29.5","A","Jonah Radcliffe","jonah.radcliffe@example.net","Pseudo VIP Mensual - (renovación)","Marlowe Ashcroft"
"2025-11-26 16:07:00","8.49","A","Emerson Fitzgerald","emerson.fitzgerald@example.net","Pseudo Collagen Powder","Iris Pemberton"
"2025-11-21 23:00:00","20","A","Harper Dunmore","harper.dunmore@example.com","Pseudo 14-Day Reset","Rory Delacroix"
"2025-11-18 07:26:00","10.62","A","Rosalind Montrose","rosalind.montrose@example.com","Pseudo Hydration Mix","Teagan Vandermeer"
"2025-11-17 17:03:04","24.5","A","Rosalind Vandermeer","rosalind.vandermeer@example.org","Pseudo VIP Discounted","Iris Pemberton"
"2025-11-16 22:56:00","14.87","A","Willa Cartwright","willa.cartwright@example.com","Pseudo Protein Blend","Hollis Trenholm"
"2025-11-16 20:58:00","14.87","A","Sabine Wycliffe","sabine.wycliffe@example.com","Pseudo Protein Blend","Marlowe Ashcroft"
"2025-11-16 20:10:00","8.75","A","Jonah Delacroix","jonah.delacroix@example.org","Pseudo Creatine Scoop","Silas Oakley"
"2025-11-16 17:04:00","14.87","A","Reese Winslow","reese.winslow@example.com","Pseudo Protein Blend","Marlowe Ashcroft"
"2025-11-16 14:46:25","24.5","A","Delaney Thackeray","delaney.thackeray@example.org","Pseudo VIP Discounted","Marlowe Ashcroft"
"2025-11-16 03:07:14","29.5","A","Reese Harrington","reese.harrington@example.net","Pseudo VIP Mensual - (renovación)","Marlowe Ashcroft"
"2025-11-14 15:00:00","20","A","Keaton Ravenscroft","keaton.ravenscroft@example.net","Pseudo 14-Day Reset","Nova Brennan"
"2025-11-13 04:44:50","7.9","A","Rory Granger","rory.granger@example.com","Pseudo VIP Starter Rate","Marlowe Ashcroft"
"2025-11-12 21:00:54","29.5","A","Nolan Northcott","nolan.northcott@example.com","Pseudo VIP Mensual (renovación)","Marlowe Ashcroft"
"2025-11-11 22:40:29","7.9","A","Maren Ravenscroft","maren.ravenscroft@example.org","Pseudo VIP Starter Rate","Marlowe Ashcroft"
"2025-11-11 20:00:00","87","A","Declan Blackwood","declan.blackwood@example.com","Pseudo Starter Program","Marlowe Ashcroft"
"2025-11-11 08:51:41","4.95","A","Sutton Prescott","sutton.prescott@example.org","Pseudo Coach VIP","Teagan Vandermeer"
"2025-11-08 12:43:58","4.95","A","Zane Larkspur","zane.larkspur@example.net","Pseudo Coach VIP","Nova Brennan"
"2025-11-07 20:23:00","10.62","A","Declan Ravenscroft","declan.ravenscroft@example.com","Pseudo Hydration Mix","Marlowe Ashcroft"
"2025-11-07 15:47:06","29.5","A","Beatrix Northcott","beatrix.northcott@example.net","Pseudo VIP Mensual (renovación)","Marlowe Ashcroft"
"2025-11-07 13:07:53","7.9","A","Sutton Kingsley","sutton.kingsley@example.com","Pseudo VIP Starter Rate","Marlowe Ashcroft"
"2025-11-06 23:47:16","7.9","A","Clover Vandermeer","clover.vandermeer@example.org","Pseudo VIP Starter Rate","Marlowe Ashcroft"
"2025-11-05 05:39:34","19.5","A","Verity Ashcroft","verity.ashcroft@example.net","Pseudo VIP Scholarship","Marlowe Ashcroft"
"2025-11-05 03:42:38","29.5","A","Miles Underwood","miles.underwood@example.com","Pseudo VIP Mensual (renovación)","Marlowe Ashcroft"
"2025-11-05 03:23:29","29.5","A","Sawyer Merrick","sawyer.merrick@example.org","Pseudo VIP Mensual (renovación)","Nova Brennan"
"2025-11-04 20:56:23","29.5","A","Nolan Hollister","nolan.hollister@example.org","Pseudo VIP Mensual (renovación)","Juniper Larkspur"
"2025-11-04 10:34:25","4.95","A","Jonah Fairbanks","jonah.fairbanks@example.org","Pseudo Coach VIP","Marlowe Ashcroft"
"2025-11-04 10:16:23","29.5","A","Mabel Ashcroft","mabel.ashcroft@example.com","Pseudo VIP Mensual (renovación)","Marlowe Ashcroft"
"2025-11-04 03:59:49","29.5","A","Sloane Kingsley","sloane.kingsley@example.org","Pseudo VIP Mensual - (renovación)","Teagan Vandermeer"
"2025-11-02 17:46:25","24.5","A","Juniper Kingsley","juniper.kingsley@example.com","Pseudo VIP Discounted","Hollis Trenholm"
"2025-11-01 18:51:12","39.5","A","Wren Kingsley","wren.kingsley@example.com","Pseudo VIP Monthly","Marlowe Ashcroft"
"2025-11-01 17:39:42","39.5","A","Esme Fitzgerald","esme.fitzgerald@example.org","Pseudo VIP Monthly","Marlowe Ashcroft"
"2025-10-31 17:23:13","4.95","A","Rosalind Ainsworth","rosalind.ainsworth@example.com","Pseudo Coach VIP","Marlowe Ashcroft"
"2025-10-29 17:55:00","14.87","A","Parker Calloway","parker.calloway@example.com","Pseudo Protein Blend","Marlowe Ashcroft"
"2025-10-28 17:42:10","19.5","A","Juniper Fitzgerald","juniper.fitzgerald@example.net","Pseudo VIP Scholarship","Marlowe Ashcroft"
"2025-10-28 16:02:00","8.49","A","Brooks Trenholm","brooks.trenholm@example.com","Pseudo Collagen Powder","Marlowe Ashcroft"
"2025-10-26 23:00:00","87","A","Sawyer Prescott","sawyer.prescott@example.com","Pseudo Starter Program","Marlowe Ashcroft"
"2025-10-24 10:08:00","14.87","A","Parker Calloway","parker.calloway@example.com","Pseudo Protein Blend","Marlowe Ashcroft"
"2025-10-21 13:46:00","14.87","A","Sabine Wycliffe","sabine.wycliffe@example.com","Pseudo Protein Blend","Marlowe Ashcroft"
"2025-10-20 09:00:00","87","A","Quinn Prescott","quinn.prescott@example.org","Pseudo Starter Program","Marlowe Ashcroft"
"2025-10-17 06:35:00","14.87","A","Declan Montrose","declan.montrose@example.com","Pseudo Protein Blend","Silas Oakley"
"2025-10-16 05:23:00","14.87","A","Rory Whitfield","rory.whitfield@example.com","Pseudo Protein Blend","Marlowe Ashcroft"
"2025-10-13 19:54:00","8.49","A","Brooks Ashcroft","brooks.ashcroft@example.com","Pseudo Collagen Powder","Marlowe Ashcroft"
"2025-10-13 07:43:00","8.49","A","Elliot Calloway","elliot.calloway@example.net","Pseudo Collagen Powder","Marlowe Ashcroft"
"2025-10-10 06:19:00","14.87","A","Parker Calloway","parker.calloway@example.com","Pseudo Protein Blend","Marlowe Ashcroft"
"2025-10-04 20:31:23","29.5","A","Nolan Hollister","nolan.hollister@example.org","Pseudo VIP Mensual (renovación)","Juniper Larkspur"
"2025-10-04 14:46:00","14.87","A","Wesley Cartwright","wesley.cartwright@example.org","Pseudo Protein Blend","Iris Pemberton"
"2025-10-02 19:04:25","24.5","A","Juniper Kingsley","juniper.kingsley@example.com","Pseudo VIP Discounted","Hollis Trenholm"
"2025-09-30 16:26:00","14.87","A","Odette Merrick","odette.merrick@example.net","Pseudo Protein Blend","Marlowe Ashcroft"
"2025-09-30 16:12:10","19.5","A","Juniper Fitzgerald","juniper.fitzgerald@example.net","Pseudo VIP Scholarship","Marlowe Ashcroft"
"2025-09-25 05:00:00","7.5","A","Nova Northcott","nova.northcott@example.org","Pseudo Meal Guide","Marlowe Ashcroft"
"2025-09-20 11:00:00","7.5","A","Freya Ainsworth","freya.ainsworth@example.net","Pseudo Meal Guide","Hollis Trenholm"
"2025-09-16 01:28:00","10.62","A","Rory Whitfield","rory.whitfield@example.com","Pseudo Hydration Mix","Marlowe Ashcroft"
